buyer_key,long_duration_awards,long_duration_value,maximum_duration_years,buyer_name,award_count,allocated_award_value,long_duration_value_share_percent
ID:GB-CFS-279061,1,4600000000.0,15.0,Sellafield Limited,1,4600000000.0,100.0
ID:GB-CFS-326450,1,2945000000.0,15.0,Sellafield Ltd,1,2945000000.0,100.0
ID:GB-CFS-220820,1,2900000000.0,15.0,Ministry of Defence,1,2900000000.0,100.0
ID:GB-CFS-183111,4,2664771964.0,27.54,Ministry of Justice,166,6810471484.46,39.12756950940069
ID:GB-SRS-sid4gov.cabinetoffice.gov.uk/XjVA96JU,1,2000000000.0,14.0,KENT COUNTY COUNCIL,107,2062115950.02,96.9877566768543
ID:GB-CFS-311321,1,1950000000.0,21.0,Hertfordshire County Council - Growth and Environment,3,1951280816.75,99.93436020387198
ID:GB-GOR-OT529,1,1172968000.0,10.0,N H S Business Services Authority,2,1175925037.0,99.74853524612897
ID:GB-CFS-319169,1,878000000.0,10.43,Ministry of Defence,1,878000000.0,100.0
ID:GB-CFS-187357,4,706544520.0,25.0,Sheffield City Council,128,897509900.97,78.72275495082441
ID:GB-CFS-43251,4,623302182.93,32.56,HS2,8,2989412812.6,20.850321518087416
ID:GB-CFS-253339,5,446328025.0,12.79,BDUK,5,446328025.0,100.0
ID:GB-CFS-101458,1,400000000.0,10.0,Kent County Council,2,403011911.75,99.2526494472778
ID:GB-SRS-sid4gov.cabinetoffice.gov.uk/7U7AuvS7,1,320712000.0,10.0,MINISTRY OF DEFENCE,337,8331354750.11,3.8494579767566086
ID:GB-SRS-sid4gov.cabinetoffice.gov.uk/Qcy76AyS,3,258414530.32,25.0,HM Government of Gibraltar,12,278068790.89,92.93187110027932
ID:GB-SRS-supplierregistration.cabinetoffice.gov.uk/FdrJ277p,1,255000000.0,15.0,North Northamptonshire Council,121,485629162.47,52.50920243401831
ID:GB-CFS-189214,1,245680004.75,10.48,Ministry of Justice,5,497808805.84,49.35228181338432
ID:GB-CFS-306151,1,245434247.0,10.0,Ministry of Defence,1,245434247.0,100.0
ID:GB-LAE-WNM,1,200000000.0,15.0,The Royal Borough of Windsor and Maidenhead Council,10,244260085.0,81.87993547942965
ID:GB-CFS-307106,1,189515306.04,15.56,HS2,1,189515306.04,100.0
ID:GB-CFS-186339,1,163000000.0,10.0,Ministry of Justice,23,271348258.88,60.07040571138674
ID:GB-GOR-D25,3,154695000.0,12.0,H M REVENUE & CUSTOMS,179,3443872396.59,4.4918911674304045
ID:GB-CFS-150888,1,120000000.0,15.0,Hull City Council,1,120000000.0,100.0
ID:GB-CFS-107313,2,118567000.0,15.0,Luton Council,87,358091749.76,33.110787969693774
ID:GB-CFS-319930,1,102793217.0,10.0,Ministry of Defence,2,168374713.0,61.05027006044548
ID:GB-SRS-sid4gov.cabinetoffice.gov.uk/3A4AmUm4,2,100546846.89,18.0,Cabinet Office,114,212050596.71,47.41644138238747
ID:GB-CFS-313857,1,100000000.0,10.0,North East Lincolnshire Borough Council,5,100598110.0,99.40544608641255
ID:GB-CFS-171998,1,95000000.0,15.0,Oxfordshire County Council,10,114554451.1,82.92999450285001
ID:GB-CFS-281989,1,93750000.0,15.0,Echelon Consultancy Ltd,1,93750000.0,100.0
ID:GB-CFS-307625,1,92566020.0,10.0,NHS London Procurement Partnership (Hosted by Guy's and St Thomas' NHS FT),1,92566020.0,100.0
ID:GB-SRS-supplierregistration.cabinetoffice.gov.uk/QrBy247r,1,75000000.0,10.0,THE EDUCATION ALLIANCE,1,75000000.0,100.0
ID:GB-CFS-213835,1,64231706.0,15.0,Bournemouth Christchurch and Poole Council,17,79611289.8,80.68165477705902
ID:GB-CFS-311382,2,60000000.0,10.0,Ministry of Defence,2,60000000.0,100.0
ID:GB-CFS-307634,1,55395000.0,10.0,NHS London Procurement Partnership (Hosted by Guy's and St Thomas' NHS FT),1,55395000.0,100.0
ID:GB-CFS-107820,1,54843447.0,10.0,Bristol City Council,29,136620289.72,40.14297372110711
ID:GB-CFS-320250,1,53095000.0,10.0,United Lincolnshire Teaching Hospitals NHS Trust,1,53095000.0,100.0
ID:GB-CFS-50290,1,48000000.0,10.0,London Borough of Hackney,36,122144010.97,39.29787438517093
ID:GB-CFS-325207,1,44000000.0,10.0,Nuclear Waste Services,1,44000000.0,100.0
ID:GB-CFS-257613,5,41750000.0,76.0,City of Doncaster Council,151,164026179.14,25.453253998171505
ID:GB-CFS-273198,1,32412102.74,10.0,DESNZ,52,369722222.06,8.766609309932155
ID:GB-CFS-310730,1,30983753.96,10.0,North Cumbria Integrated Care NHS FT,1,30983753.96,100.0
ID:GB-CFS-178652,1,28286352.0,10.55,The Trustees of the British Museum,1,28286352.0,100.0
ID:GB-CFS-3938,1,28113000.0,10.0,Cheshire East Borough Council,2,28288000.0,99.38136312217196
ID:GB-CFS-327488,1,27410592.0,10.0,Milton Keynes University Hospital NHS Foundation Trust,1,27410592.0,100.0
ID:GB-SRS-sid4gov.cabinetoffice.gov.uk/gAt5NMW9,1,26700000.0,10.0,Staffordshire County Council,7,38021763.43,70.22293968336334
ID:GB-CFS-324550,1,24000000.0,10.0,Ministry of Defence,1,24000000.0,100.0
ID:GB-CFS-264584,1,22482000.0,10.0,City of London Corporation,1,22482000.0,100.0
ID:GB-CFS-243643,1,20493674.0,10.0,Ministry of Defence,3,20602088.0,99.47377178468513
ID:GB-CFS-263572,1,19000000.0,15.0,United Lincolnshire Hospital NHS Trust,6,22770000.0,83.44312692138779
ID:GB-CFS-290904,4,18724413.0,10.75,Westminster City Council,62,51548487.63,36.32388429006564
ID:GB-CFS-309985,1,15275577.0,11.47,North West Fire Control,1,15275577.0,100.0
ID:GB-CFS-148108,2,14765531.39,14.0,Home Office,168,1506115307.196,0.9803719090731258
ID:GB-SRS-sid4gov.cabinetoffice.gov.uk/SjTw969a,1,14353300.0,17.0,Welland Procurement Unit,38,32217867.36,44.55074521108836
ID:GB-CFS-51066,1,14160000.0,16.0,Nottingham City Council,73,75716044.239,18.70145243629412
ID:GB-SRS-sid4gov.cabinetoffice.gov.uk/urSt89dk,2,13219005.0,10.0,South Yorkshire Police Headquarters,50,55898714.99,23.64813753297337
ID:GB-CFS-50508,3,13106138.0,20.0,Cornwall Council,16,28354094.82,46.2230872937456
ID:GB-LAE-DUR,1,10800000.0,10.0,Durham County Council,76,157289335.43,6.8663269321310265
ID:GB-CFS-283655,1,10000000.0,10.0,Wirral Borough Council,35,16481196.22,60.67520746986167
ID:GB-CFS-279401,1,10000000.0,15.0,Blackburn With Darwen Borough Council,4,12281485.0,81.42337836181862
ID:GB-SRS-sid4gov.cabinetoffice.gov.uk/axN79Bfk,1,9614325.0,10.0,West Yorkshire Combined Authority,60,59272615.05,16.220517673954056
ID:GB-SRS-sid4gov.cabinetoffice.gov.uk/R7P26Eu7,3,9452850.0,11.0,HAMPSHIRE COUNTY COUNCIL,282,6085754449.67,0.1553274960101714
ID:GB-CFS-311241,2,9298889.6,10.0,Hull University Teaching Hospitals NHS Trust,3,15898649.6,58.488549870298414
ID:GB-LAE-WAR,1,8863590.0,10.0,Warwickshire County Council,30,73944082.08,11.986882182688392
ID:GB-CFS-244021,1,8372120.0,13.0,West Sussex County Council,89,24969355.89,33.529579364732264
ID:GB-SRS-sid4gov.cabinetoffice.gov.uk/ZDXR269t,1,7750000.0,12.0,Devon & Somerset Fire & Rescue Service,19,10964156.61,70.68487140115741
ID:GB-SRS-sid4gov.cabinetoffice.gov.uk/2JAv6sFy,5,7416911.0,15.0,Staffordshire County Council,104,53394187.8,13.89085836043001
ID:GB-LAE-ROT,1,7146561.0,10.0,Rotherham Metropolitan Borough Council,36,27154777.98,26.317876748112525
ID:GB-CFS-282491,1,6400100.0,10.0,Lincolnshire Police,9,6629670.35,96.53722828013612
ID:GB-CFS-228944,1,6100000.0,10.0,London Ambulance Service,7,7914970.1,77.06914774068446
ID:GB-SRS-sid4gov.cabinetoffice.gov.uk/Z37KdXES,1,5800000.0,18.0,SUFFOLK COUNTY COUNCIL,82,84334233.67999999,6.877396932315376
ID:GB-SRS-supplierregistration.cabinetoffice.gov.uk/mQxY293c,3,5680885.5,17.0,"Police, Fire and Crime Commissioner for Northamptonshire",44,26658808.62,21.30960006869204
ID:GB-CFS-49530,1,5568323.0,10.0,London Borough of Southwark,14,29505538.68,18.872127909240398
ID:GB-CFS-84980,1,5500000.0,10.0,Folkestone and Hythe District Council,15,70622991.12,7.7878321390474685
ID:GB-LAE-DER,1,4900000.0,11.0,DERBY CITY COUNCIL,118,334531050.62,1.4647369776045094
ID:GB-GOR-D115,1,4548750.0,10.0,SERIOUS FRAUD OFFICE,42,18310835.22,24.84184880344306
ID:GB-SRS-sid4gov.cabinetoffice.gov.uk/HHz44pYB,1,4000000.0,10.0,THE UNIVERSITY OF BIRMINGHAM,36,22259384.99,17.96994841410486
ID:GB-SRS-sid4gov.cabinetoffice.gov.uk/uUVZ36Ar,1,3849010.0,10.0,Lancashire Fire & Rescue Service,3,5101768.0,75.44463017526472
ID:GB-CFS-300143,1,3842410.0,10.0,West Berkshire Council,15,23790724.54,16.150874234786965
ID:GB-CFS-313046,1,3634941.0,15.0,Ministry of Justice,2,3941941.0,92.21195852500075
ID:GB-LAE-KIR,3,3631922.07,10.42,Kirklees Council,418,387731020.36,0.9367117613204736
ID:GB-CFS-309221,1,3500000.0,10.0,United Lincolnshire Teaching Hospitals NHS Trust,4,3666781.2,95.45156389478598
ID:GB-SRS-sid4gov.cabinetoffice.gov.uk/9zBK4N6s,3,3442869.76,15.0,COVENTRY CITY COUNCIL,107,42699596.41,8.06300304794848
ID:GB-CFS-51222,2,3438628.24,13.84,Lincolnshire County Council,78,294654195.81,1.1670046749367549
ID:GB-SRS-supplierregistration.cabinetoffice.gov.uk/RDdH8NGt,1,3410820.0,10.5,Chelmsford City Council,11,10675820.0,31.949021246143158
ID:GB-CFS-305893,1,3211706.0,10.0,The Newcastle Upon Tyne Hospitals NHS Foundation Trust,2,3467663.0,92.61874640067388
ID:GB-CFS-191669,1,3200000.0,15.0,City of York Council,16,8434457.93,37.93960473284381
ID:GB-CFS-309983,1,3000000.0,10.0,University of Greenwich,1,3000000.0,100.0
ID:GB-SRS-sid4gov.cabinetoffice.gov.uk/wFhD2sYK,1,2941850.0,10.0,HUMBER TEACHING NHS FOUNDATION TRUST,9,15607292.0,18.84920202684745
ID:GB-SRS-sid4gov.cabinetoffice.gov.uk/jxfb36Bw,2,2800000.0,10.37,Southampton City Council,55,142848958.93,1.9601122899132075
ID:GB-CFS-42310,1,2487356.0,10.0,OFCOM,26,10416929.88,23.87801423887477
ID:GB-CFS-50606,1,2390000.0,10.0,YPO,15,1340590000.0,0.1782797126638271
ID:GB-CFS-325937,1,2360929.45,10.0,"Cumbria, Northumberland, Tyne and Wear NHS Foundation Trust",1,2360929.45,100.0
ID:GB-CFS-224,1,2236000.0,12.04,London Borough of Waltham Forest,1,2236000.0,100.0
ID:GB-SRS-supplierregistration.cabinetoffice.gov.uk/6sQD8uds,2,2109686.38,15.0,Crown Commercial Service,265,140549054888.93,0.0015010320643331
ID:GB-SRS-supplierregistration.cabinetoffice.gov.uk/djMX46dB,1,1999002.0,10.0,Tees Valley Combined Authority,50,37950429.66,5.267402814432326
ID:GB-CFS-308555,1,1922400.0,10.0,Westmorland and Furness Council,5,4505145.16,42.67121106481728
ID:GB-CFS-233134,2,1900000.0,10.5,Cheshire west and Chester Borough Council,32,196053000.0,0.9691256956027196
ID:GB-CFS-49729,1,1900000.0,10.0,Humberside Fire & Rescue Service,17,3401820.91,55.85244050957403
ID:GB-CFS-320464,1,1568919.4,12.02,DEPARTMENT FOR ENVIRONMENT FOOD & RURAL AFFAIRS,3,3635414.56,43.15654718618941
ID:GB-CFS-55641,1,1500000.0,15.0,London Borough of Lewisham,5,2876000.0,52.1557719054242
ID:GB-CFS-52200,2,1482000.0,10.0,West Lindsey District Council,17,4507396.44,32.87929117679296
ID:GB-CFS-192422,1,1410000.0,15.0,West Yorkshire Combined Authority,64,95563991.56,1.4754511369637895
ID:GB-CFS-106171,2,1396405.0,15.0,Liverpool City Council,34,5628468.09,24.809681385259484
ID:GB-LAE-SRI,1,1309240.0,10.0,South Ribble Borough Council,27,13120237.23,9.978782982722027
ID:GB-SRS-sid4gov.cabinetoffice.gov.uk/jBZs3Y7f,1,1289627.0,12.0,West Midlands Fire Service,59,6346168.63,20.321347811395928
ID:GB-CFS-189872,1,1268810.0,10.0,Barnsley Metropolitan Borough Council,110,93972407.33,1.3501942070552255
ID:GB-CFS-44290,2,1065246.0,10.0,University Of Worcester,35,6482658.56,16.43223980008597
ID:GB-CFS-102547,2,1022000.0,15.0,London Borough of Waltham Forest,4,2684980.0,38.06359823909303
ID:GB-CFS-162314,1,1000000.0,15.0,Crawley Borough Council,4,1542787.0,64.81776162231078
ID:GB-CFS-277828,1,1000000.0,25.0,Cheshire west and Chester Borough Council,38,16434713.05,6.084681837508566
ID:GB-SRS-sid4gov.cabinetoffice.gov.uk/EerK53Bv,4,978320.0,10.0,YORK AND SCARBOROUGH TEACHING HOSPITALS NHS FOUNDATION TRUST,21,15798616.7,6.192440886296077
ID:GB-CFS-321548,1,935055.71,10.0,Leeds Teaching Hospitals NHS Trust,4,1948546.21,47.98735104157473
ID:GB-CFS-155359,1,900000.0,13.0,Golding Homes,2,2400000.0,37.5
ID:GB-SRS-sid4gov.cabinetoffice.gov.uk/dv87Bqmk,1,867857.0,15.0,Tyne and Wear Fire and Rescue Service,28,4985574.9,17.407360583430407
ID:GB-CFS-49206,1,800000.0,10.0,Nottingham City Council,211,78082959.8901,1.0245513248037497
ID:GB-CFS-106900,1,750100.0,10.0,The Pioneer Housing and Community Group Limited,1,750100.0,100.0
ID:GB-CFS-287116,1,746737.45,15.0,Echelon Consultancy Ltd,1,746737.45,100.0
ID:GB-CFS-283285,3,743293.7,10.0,Nuclear Waste Services,8,36799168.18,2.019865493600948
ID:GB-SRS-sid4gov.cabinetoffice.gov.uk/7FXWaRZ8,1,689664.0,10.5,UNIVERSITY OF ESSEX,25,140844374.84,0.4896638582715583
ID:GB-SRS-sid4gov.cabinetoffice.gov.uk/na369RMs,1,636867.0,15.0,NORFOLK COUNTY COUNCIL,12,27996570.26,2.274803642323008
ID:GB-CFS-309976,1,622793.02,10.0,Northern Lincolnshire & Goole NHS Foundation Trust,1,622793.02,100.0
ID:GB-CFS-41592,1,593875.96,10.0,Northern Lighthouse Board,14,3877953.25,15.314159859972523
ID:GB-CFS-296176,1,509915.76,10.0,Northern Lincolnshire and Goole NHS Foundation Trust,3,2449984.67,20.813018393294684
ID:GB-CFS-191864,1,500000.0,10.0,Rotherham Metropolitan Borough Council,47,66165154.18,0.7556847802995629
ID:GB-CFS-126463,1,478000.0,10.0,Citizen,7,1321788.0,36.16313659981783
ID:GB-CFS-162422,1,470000.0,15.0,University of Brighton,6,470000.0,100.0
ID:GB-LAE-BBD,1,350000.0,10.0,Blackburn With Darwen Borough Council,21,4650906.51,7.525414652981274
ID:GB-CFS-186962,2,331847.0,15.0,Leeds City Council,252,386009990.27,0.0859685003924082
ID:GB-CFS-279072,1,300000.0,11.98,London Borough of Hammersmith & Fulham,28,86917586.25,0.3451545457522412
ID:GB-CFS-216017,2,288000.0,10.0,Norfolk and Norwich University Hospitals NHS Foundation Trust,104,43776191.59,0.657891857513227
ID:GB-CFS-319128,1,233478.44,10.0,Leeds Teaching Hospitals NHS Trust,1,233478.44,100.0
ID:GB-CFS-316723,1,222358.0,10.0,The Mayor and Commonalty and Citizens of the City of London,2,559393.0,39.74987173597096
ID:GB-CFS-288392,1,190000.0,15.0,Devon & Somerset Fire & Rescue,1,190000.0,100.0
ID:GB-SRS-sid4gov.cabinetoffice.gov.uk/t7A7KJFS,1,163000.0,12.94,FINANCIAL SERVICES COMPENSATION SCHEME LIMITED,34,10311500.55,1.5807592620455224
ID:GB-SRS-sid4gov.cabinetoffice.gov.uk/J8A7z2D3,1,162000.0,11.19,ROOFTOP HOUSING GROUP LIMITED,28,36241091.18,0.4470064082656575
ID:GB-SRS-sid4gov.cabinetoffice.gov.uk/PFEA6gBq,1,154409.0,10.0,HULL UNIVERSITY TEACHING HOSPITALS NHS TRUST,58,9919705.47,1.5565885546398182
ID:GB-SRS-sid4gov.cabinetoffice.gov.uk/UJTr6753,1,150000.0,14.4,LEEDS TRINITY UNIVERSITY,35,3599480.2,4.167268373916879
ID:GB-CFS-283564,1,146700.0,10.0,Barnsley Facilities Ltd,10,929335.28,15.78547625997799
ID:GB-SRS-sid4gov.cabinetoffice.gov.uk/Zy257ysU,1,143889.2,11.5,Erewash Borough Council,11,1849246.6,7.780963339340465
ID:GB-CFS-250491,1,140763.13,10.0,The Newcastle Upon Tyne Hospitals NHS Foundation Trust,6,1014417.69,13.876249535829762
ID:GB-SRS-sid4gov.cabinetoffice.gov.uk/AnUx84x7,1,139477.88,15.0,Coventry University,76,42245134.6,0.330163180495583
ID:GB-SRS-sid4gov.cabinetoffice.gov.uk/mmm75Jp3,1,110000.0,10.0,WANDLE HOUSING ASSOCIATION LIMITED,34,16332908.99,0.6734868850818228
ID:GB-GOR-PC469,1,99267.0,10.0,Civil Aviation Authority,5,248390.07,39.96415798747511
ID:GB-CFS-282264,1,98532.0,10.0,United Lincs Hospital Trust,4,1912195.2,5.152821218252195
ID:GB-SRS-sid4gov.cabinetoffice.gov.uk/mNZE2gBB,1,97015.0,10.0,WAKEFIELD COUNCIL,24,41641443.81,0.2329770323110225
ID:GB-CFS-229255,1,88858.0,10.0,Leeds Teaching Hospitals NHS Trust,72,8535198.82,1.0410770958467257
ID:GB-SRS-sid4gov.cabinetoffice.gov.uk/8s944V4W,1,81048.64,10.37,North Yorkshire Council,93,82200563.75,0.098598642518434
ID:GB-LAE-STT,1,40000.0,15.06,STOCKTON-ON-TEES BOROUGH COUNCIL,30,11244459.09,0.3557307619676706
ID:GB-SRS-sid4gov.cabinetoffice.gov.uk/8PQu5m2e,1,30915.0,10.0,Yorkshire Purchasing Organisation,79,1088100367.44,0.0028411901075573
ID:GB-SRS-sid4gov.cabinetoffice.gov.uk/sBN45ywB,1,24060.0,10.0,National Audit Office,120,33436595.94,0.0719570857128346
ID:GB-SRS-sid4gov.cabinetoffice.gov.uk/5WZu8KXU,1,1.0,15.0,Transport for London,83,602470596.28,1.659832041886484e-07
ID:GB-LAE-NTY,1,0.0,15.01,NORTH TYNESIDE COUNCIL,97,31552395.94,0.0
ID:GB-CFS-286585,1,0.0,10.0,Aspire Housing,13,8735002.4,0.0
ID:GB-CFS-272848,1,0.0,25.0,Tewkesbury Borough Council,1,0.0,
ID:GB-CFS-58010,1,0.0,10.0,Leicestershire County Council,240,61177182.13,0.0
ID:GB-CFS-168513,1,0.0,15.0,Hertsmere Borough Council,9,303115.31,0.0
ID:GB-CFS-40984,2,0.0,10.0,Norfolk County Council,9,422036.72,0.0
ID:GB-CFS-72454,1,0.0,15.0,Thurrock Council,10,19554398.7,0.0
