award_id,release_id,ocid,release_date,award_date,award_value,award_title,buyer_name,procurement_method,procurement_category,contract_start,contract_end,contract_duration_years,usable_supplier_count,supplier_names,supplier_reference_text_flag,supplier_identity_review_flag,value_points,duration_points,method_points,single_supplier_points,pri_score,pri_category,review_rationale
ocds-b5fd17-077b1385-9303-41f0-9cf2-7e36234f1677-1,0a8be01b-a771-46a6-aff9-f6cbce68b69e-847324,ocds-b5fd17-077b1385-9303-41f0-9cf2-7e36234f1677,2025-05-29 11:22:40+0000,2023-05-10 23:00:00+0000,2900000000.0,,Ministry of Defence,limited,services,2024-01-01 00:00:00+0000,2038-12-31 23:59:59+0000,15.0,1,Thales UK Limited,0,0,3,1,1,1,6,Priority review,Multiple material screening signals
ocds-b5fd17-7a1242ea-f570-4197-9827-f87a4c860a57-1,2e127d94-dc95-49a7-bf45-7fd112e9b826-867414,ocds-b5fd17-7a1242ea-f570-4197-9827-f87a4c860a57,2025-10-08 15:11:47+0000,2025-03-04 00:00:00+0000,1950000000.0,,Hertfordshire County Council - Growth and Environment,selective,services,2025-09-30 23:00:00+0000,2046-09-30 23:59:59+0000,21.0,1,Ringway Infrastructure Services Ltd,0,0,3,2,0,1,6,Priority review,Multiple material screening signals
ocds-b5fd17-2d2693a0-c9d2-4d61-8563-99c9660a6456-1,7b63ef2c-d4d2-4ae3-bc22-2c0e1bf78223-864312,ocds-b5fd17-2d2693a0-c9d2-4d61-8563-99c9660a6456,2025-09-18 12:03:47+0000,1998-07-04 23:00:00+0000,1006771964.0,,Ministry of Justice,selective,services,1998-07-05 23:00:00+0000,2026-01-19 23:59:59+0000,27.54,1,Sodexo Limited,0,0,3,2,0,1,6,Priority review,Multiple material screening signals
ocds-b5fd17-93126d46-feac-498b-a593-6d4d1a81f1ae-1,9db25e1f-ed8b-42f6-ac3f-1034e94c4d43-848908,ocds-b5fd17-93126d46-feac-498b-a593-6d4d1a81f1ae,2025-06-10 09:42:40+0000,2025-04-24 23:00:00+0000,878000000.0,,Ministry of Defence,direct,services,2025-04-24 23:00:00+0000,2035-09-30 22:59:59+0000,10.43,1,Serco Ltd,0,1,2,1,2,1,6,Priority review,Multiple material screening signals
ocds-b5fd17-cacdca39-aa8a-434c-9a81-1fd5cfa12d4c-1,8cd6b80b-3b98-45be-9eba-bd3c1531b4a6-875920,ocds-b5fd17-cacdca39-aa8a-434c-9a81-1fd5cfa12d4c,2025-12-16 15:06:53+0000,2025-11-19 00:00:00+0000,2000000000.0,,KENT COUNTY COUNCIL,selective,services,2026-04-30 23:00:00+0000,2040-04-30 23:59:59+0000,14.0,1,Ringway Infrastructure Services Limited,0,0,3,1,0,1,5,High review,Several material screening signals
ocds-b5fd17-f25cf6c9-bef9-45d4-8404-71b1fb1491f1-2,94228a6b-c4f4-442a-9a3c-8a85128f07ae-856396,ocds-b5fd17-f25cf6c9-bef9-45d4-8404-71b1fb1491f1,2025-07-28 15:16:42+0000,2010-06-28 23:00:00+0000,937000000.0,,Ministry of Justice,selective,services,2010-06-29 23:00:00+0000,2036-12-31 23:59:59+0000,26.51,1,BWP Project Services Limited,0,0,2,2,0,1,5,High review,Several material screening signals
ocds-b5fd17-40d413a3-3580-4108-b69a-5be07e2c5828-1,8f1a06f1-b7b5-41e5-a346-93cc3e855f9a-828294,ocds-b5fd17-40d413a3-3580-4108-b69a-5be07e2c5828,2025-02-20 06:28:14+0000,2025-01-20 00:00:00+0000,328237076.84,,HS2,selective,works,2025-02-03 00:00:00+0000,2049-08-26 23:59:59+0000,24.56,1,Siemens Mobility Costain JV,0,0,2,2,0,1,5,High review,Several material screening signals
ocds-b5fd17-b5a6e53b-84c7-4323-a387-0b2c8b961f48-1,25be4f69-1fdf-4184-8eaf-8f8fbf9e4fb8-821194,ocds-b5fd17-b5a6e53b-84c7-4323-a387-0b2c8b961f48,2025-01-30 10:20:10+0000,2026-03-31 23:00:00+0000,320712000.0,,MINISTRY OF DEFENCE,limited,services,2026-03-31 23:00:00+0000,2036-03-31 22:59:59+0000,10.0,1,BFBS,0,0,2,1,1,1,5,High review,Several material screening signals
ocds-b5fd17-e766589c-dd17-4447-aa97-9f5d20a49bbb-1,d8734fb8-0173-42bc-b3ee-52ce83f153a2-833139,ocds-b5fd17-e766589c-dd17-4447-aa97-9f5d20a49bbb,2025-03-12 08:40:30+0000,2024-02-15 00:00:00+0000,310000000.0,,Sheffield City Council,selective,services,2025-01-02 00:00:00+0000,2050-01-01 23:59:59+0000,25.0,1,SMG UK Ltd t/a ASM Global,0,0,2,2,0,1,5,High review,Several material screening signals
ocds-b5fd17-30e754bc-1512-4f04-9a3c-6f04d6ee03e9-1,efefe55e-d86c-460f-ad4e-2c1ab007424b-851879,ocds-b5fd17-30e754bc-1512-4f04-9a3c-6f04d6ee03e9,2025-06-30 10:15:24+0000,2025-06-29 23:00:00+0000,250000000.0,,HM Government of Gibraltar,open,services,2025-07-10 23:00:00+0000,2050-07-10 23:59:59+0000,25.0,1,Eco-Waters Ltd,0,0,2,2,0,1,5,High review,Several material screening signals
ocds-b5fd17-c7a5682d-3308-47d5-8e3a-8e04fa1e67ba-1,f3336ed8-6197-45bc-a12e-092088d4e30c-815897,ocds-b5fd17-c7a5682d-3308-47d5-8e3a-8e04fa1e67ba,2025-01-09 15:29:32+0000,2024-12-17 00:00:00+0000,245434247.0,,Ministry of Defence,direct,services,2025-01-01 00:00:00+0000,2034-12-31 23:59:59+0000,10.0,1,Thales UK Ltd,0,0,2,0,2,1,5,High review,Several material screening signals
ocds-b5fd17-d15f8c53-f398-49cc-a713-bba562b29080-1,b95ea6c5-b800-4cbe-877d-2802894989b4-818759,ocds-b5fd17-d15f8c53-f398-49cc-a713-bba562b29080,2025-01-20 17:37:17+0000,2024-11-20 00:00:00+0000,179430310.53,,HS2,selective,works,2025-02-03 00:00:00+0000,2056-09-23 23:59:59+0000,31.64,1,Siemens Mobility Limited,0,0,2,2,0,1,5,High review,Several material screening signals
ocds-b5fd17-451147af-b425-486e-bb5d-ab507cc858b2-1,03018de6-27bc-4d8f-8425-229825e4eeec-851712,ocds-b5fd17-451147af-b425-486e-bb5d-ab507cc858b2,2025-06-27 09:22:31+0000,2025-06-05 23:00:00+0000,125000000.0,,Ministry of Defence,direct,goods,2025-06-05 23:00:00+0000,2027-06-05 22:59:59+0000,2.0,1,Cook Defence Systems,0,0,2,0,2,1,5,High review,Several material screening signals
ocds-b5fd17-99bb6876-019a-4d3a-a3ec-b4e43f9aade4-1,8ee250ce-a7b5-4eb6-8465-cfe9c43cc40b-843154,ocds-b5fd17-99bb6876-019a-4d3a-a3ec-b4e43f9aade4,2025-04-30 14:49:14+0000,2025-04-21 23:00:00+0000,21191000000.0,,Wiltshire Council,open,works,2025-04-22 23:00:00+0000,2027-03-27 23:59:59+0000,1.93,1,MJ Church (Plant) Ltd,0,0,3,0,0,1,4,High review,Several material screening signals
ocds-b5fd17-80a84b6c-c775-4044-9c1a-fef8552f90c0-1,df9f05c9-8e92-414e-95a3-efc0ba16e2b0-857571,ocds-b5fd17-80a84b6c-c775-4044-9c1a-fef8552f90c0,2025-08-04 16:45:06+0000,2025-07-17 23:00:00+0000,18000000000.0,,The Crescent Academy,open,services,2025-07-17 23:00:00+0000,2028-05-04 22:59:59+0000,2.8,1,SEE SERVICES LTD,0,1,3,0,0,1,4,High review,Several material screening signals
ocds-b5fd17-80a84b6c-c775-4044-9c1a-fef8552f90c0-2,df9f05c9-8e92-414e-95a3-efc0ba16e2b0-857571,ocds-b5fd17-80a84b6c-c775-4044-9c1a-fef8552f90c0,2025-08-04 16:45:06+0000,2025-07-17 23:00:00+0000,18000000000.0,,The Crescent Academy,open,services,2025-07-17 23:00:00+0000,2028-05-04 22:59:59+0000,2.8,1,BSN Group Construction,0,1,3,0,0,1,4,High review,Several material screening signals
ocds-b5fd17-80a84b6c-c775-4044-9c1a-fef8552f90c0-3,df9f05c9-8e92-414e-95a3-efc0ba16e2b0-857571,ocds-b5fd17-80a84b6c-c775-4044-9c1a-fef8552f90c0,2025-08-04 16:45:06+0000,2025-07-17 23:00:00+0000,18000000000.0,,The Crescent Academy,open,services,2025-07-17 23:00:00+0000,2028-05-04 22:59:59+0000,2.8,1,BSN Group Construction,0,1,3,0,0,1,4,High review,Several material screening signals
ocds-b5fd17-80a84b6c-c775-4044-9c1a-fef8552f90c0-4,df9f05c9-8e92-414e-95a3-efc0ba16e2b0-857571,ocds-b5fd17-80a84b6c-c775-4044-9c1a-fef8552f90c0,2025-08-04 16:45:06+0000,2025-07-17 23:00:00+0000,18000000000.0,,The Crescent Academy,open,services,2025-07-17 23:00:00+0000,2028-05-04 22:59:59+0000,2.8,1,Carson Powell Construction Ltd,0,0,3,0,0,1,4,High review,Several material screening signals
ocds-b5fd17-80a84b6c-c775-4044-9c1a-fef8552f90c0-5,df9f05c9-8e92-414e-95a3-efc0ba16e2b0-857571,ocds-b5fd17-80a84b6c-c775-4044-9c1a-fef8552f90c0,2025-08-04 16:45:06+0000,2025-07-17 23:00:00+0000,18000000000.0,,The Crescent Academy,open,services,2025-07-17 23:00:00+0000,2028-05-04 22:59:59+0000,2.8,1,RenEnergy Ltd,0,0,3,0,0,1,4,High review,Several material screening signals
ocds-b5fd17-a4d8dd6b-a51d-430d-89f1-8a04c1fac9fb-1,6d4229ba-fc62-49f3-a066-5a41982c23bf-871403,ocds-b5fd17-a4d8dd6b-a51d-430d-89f1-8a04c1fac9fb,2025-11-10 09:02:35+0000,2025-10-30 00:00:00+0000,4600000000.0,,Sellafield Limited,selective,works,2025-10-30 00:00:00+0000,2040-10-30 23:59:59+0000,15.0,4,"TDA (AtkinsRéalis UK, Amentum Clean Energy, Westinghouse El,Amentum Clean Energy Limited,NDS (Altrad Support Services Ltd, Cavendish Nuclear Ltd, Shepley,A2R (Altrad Support Services Limited and AtkinsRéalis UK Li",0,0,3,1,0,0,4,High review,Several material screening signals
ocds-b5fd17-86d78415-5cc4-42bf-8165-c1c6c42d05d5-1,ceb1ce85-5b49-4afc-b0c2-e9d6c13de77c-843806,ocds-b5fd17-86d78415-5cc4-42bf-8165-c1c6c42d05d5,2025-05-06 10:57:03+0000,2025-05-01 23:00:00+0000,4200000000.0,,Supply Chain Coordination Limited,selective,services,2025-05-01 23:00:00+0000,2032-05-01 22:59:59+0000,7.0,1,GXO,0,0,3,0,0,1,4,High review,Several material screening signals
ocds-b5fd17-541df742-fc36-4ec2-966f-a9eda2f2f40f-1,7ebcfad0-65c0-4835-8a3a-848a534e3528-862467,ocds-b5fd17-541df742-fc36-4ec2-966f-a9eda2f2f40f,2025-09-08 08:29:29+0000,2025-08-31 23:00:00+0000,4107287400.0,,MINISTRY OF DEFENCE,selective,goods,2025-08-31 23:00:00+0000,2026-03-01 23:59:59+0000,0.5,1,RADIOCOMS SYSTEMS LIMITED,0,0,3,0,0,1,4,High review,Several material screening signals
ocds-b5fd17-fbe61758-3dee-4698-947a-f04aa2adf933-1,11f22e27-49f7-4a34-8f6a-921dd797d1ee-836456,ocds-b5fd17-fbe61758-3dee-4698-947a-f04aa2adf933,2025-03-28 11:57:09+0000,2021-06-14 23:00:00+0000,4000000000.0,,Crown Commercial Service,open,services,2021-06-15 23:00:00+0000,2026-03-14 23:59:59+0000,4.74,1,The Public Service Consultants Limited,0,1,3,0,0,1,4,High review,Several material screening signals
ocds-b5fd17-2c805541-b6ee-43de-85af-aca92149b5e3-1,8fb228a5-2221-4b16-98de-5bd5b8aab7ca-868734,ocds-b5fd17-2c805541-b6ee-43de-85af-aca92149b5e3,2025-10-20 07:13:52+0000,2025-10-09 23:00:00+0000,2945000000.0,,Sellafield Ltd,selective,works,2025-10-09 23:00:00+0000,2040-10-10 23:59:59+0000,15.0,3,"Morgan Sindall Construction & Infrastructure Ltd,Costain Limited,HOCHTIEF UK",0,0,3,1,0,0,4,High review,Several material screening signals
ocds-b5fd17-72d227e5-bb1b-48b5-9559-936c8af69e3d-1,71ba3710-14ba-4175-a0d7-8d1d6f91b55a-844767,ocds-b5fd17-72d227e5-bb1b-48b5-9559-936c8af69e3d,2025-05-12 13:12:36+0000,2025-04-30 23:00:00+0000,2220000000.0,,Crown Commercial Service,selective,goods,2025-04-30 23:00:00+0000,2028-04-27 22:59:59+0000,2.99,1,PHOENIX SOFTWARE LIMITED,0,0,3,0,0,1,4,High review,Several material screening signals
ocds-b5fd17-e37718fd-9918-434c-8504-a0cb5813f41b-1,c9de5fd9-b355-40de-9ffc-c0b178db2eea-820525,ocds-b5fd17-e37718fd-9918-434c-8504-a0cb5813f41b,2025-01-27 12:10:42+0000,2025-01-07 00:00:00+0000,1382448827.0,,Ministry of Justice,selective,services,2025-01-06 00:00:00+0000,2031-08-05 22:59:59+0000,6.58,1,Alexander Mann Solutions Ltd,0,1,3,0,0,1,4,High review,Several material screening signals
ocds-b5fd17-4f21f928-b9e8-4194-8338-4692cb157a46-1,7dfb4f70-7a32-464e-8f21-c63ff5b759e8-817576,ocds-b5fd17-4f21f928-b9e8-4194-8338-4692cb157a46,2025-01-15 18:51:40+0000,2024-12-16 00:00:00+0000,1362000000.0,,Home Office,selective,services,2024-12-16 00:00:00+0000,2031-12-31 23:59:59+0000,7.04,1,IBM UNITED KINGDOM LIMITED,0,1,3,0,0,1,4,High review,Several material screening signals
ocds-b5fd17-db413af0-2f8f-40ce-b4fb-deaad7168661-1,82022620-77b8-4b7e-a078-dc82f03866a9-830902,ocds-b5fd17-db413af0-2f8f-40ce-b4fb-deaad7168661,2025-02-27 14:12:14+0000,2024-08-22 23:00:00+0000,1356000002.0,,Department for Work and Pensions,selective,services,2025-09-30 23:00:00+0000,2032-09-30 22:59:59+0000,7.0,1,ISS MEDICLEAN LIMITED,0,1,3,0,0,1,4,High review,Several material screening signals
ocds-b5fd17-8ff50096-2a3f-490c-8bcb-51712688de65-1,0d534070-e91a-42f2-9411-31393df560b1-841090,ocds-b5fd17-8ff50096-2a3f-490c-8bcb-51712688de65,2025-04-17 12:33:33+0000,2025-02-17 00:00:00+0000,1326089815.0,,MINISTRY OF DEFENCE,selective,services,2025-03-31 23:00:00+0000,2034-03-31 22:59:59+0000,9.0,1,Serco Ltd,0,1,3,0,0,1,4,High review,Several material screening signals
ocds-b5fd17-119d72a4-222a-425a-9b6e-f42fc6c6f46a-1,a60e60d2-4dc5-4490-9db7-efc80e83ec80-819178,ocds-b5fd17-119d72a4-222a-425a-9b6e-f42fc6c6f46a,2025-01-21 17:45:14+0000,2025-01-21 00:00:00+0000,1200000000.0,,Efficiency East Midlands,open,services,2025-01-21 00:00:00+0000,2029-01-20 23:59:59+0000,4.0,1,Uber London Ltd,0,0,3,0,0,1,4,High review,Several material screening signals
ocds-b5fd17-1247e9ac-7e81-4522-ad52-36620ac3083c-1,b821bbaf-a658-406c-85cc-827f073b5086-871331,ocds-b5fd17-1247e9ac-7e81-4522-ad52-36620ac3083c,2025-11-07 14:45:54+0000,2025-10-09 23:00:00+0000,1172968000.0,,N H S Business Services Authority,selective,services,2025-10-19 23:00:00+0000,2035-10-19 22:59:59+0000,10.0,1,Infosys Limited,0,0,3,0,0,1,4,High review,Several material screening signals
ocds-b5fd17-9a8dafd0-bc0c-456b-9a1b-3e1fd9b98b48-1,89a40ba2-9308-4510-8c42-3d12cc086a55-841327,ocds-b5fd17-9a8dafd0-bc0c-456b-9a1b-3e1fd9b98b48,2025-04-17 14:29:06+0000,2025-03-21 00:00:00+0000,1077000000.0,,Department for Work and Pensions,selective,services,2025-09-30 23:00:00+0000,2032-09-30 22:59:59+0000,7.0,1,Mitie FM Limited,0,0,3,0,0,1,4,High review,Several material screening signals
ocds-b5fd17-43487fee-4719-40f1-9ddf-2d971b7d202f-1,595b0132-a110-4eb7-9a44-05a3296ab833-844860,ocds-b5fd17-43487fee-4719-40f1-9ddf-2d971b7d202f,2025-05-29 07:40:10+0000,2025-03-17 00:00:00+0000,1049473414.0,,EFFICIENCY EAST MIDLANDS LIMITED,selective,works,2025-03-31 23:00:00+0000,2028-03-31 22:59:59+0000,3.0,1,Sustainable Building Services (UK) Limited,0,1,3,0,0,1,4,High review,Several material screening signals
ocds-b5fd17-cbe7cb0c-e890-4282-81e6-7e410010d2f0-1,38c3f9c6-8c80-483e-a7de-c6e856124d72-824168,ocds-b5fd17-cbe7cb0c-e890-4282-81e6-7e410010d2f0,2025-02-06 17:49:56+0000,2024-12-23 00:00:00+0000,474380000.0,,NS&I,limited,services,2024-12-23 00:00:00+0000,2028-03-31 22:59:59+0000,3.27,1,Atos IT Services UK Limited,0,1,2,0,1,1,4,High review,Several material screening signals
ocds-b5fd17-f1e9facd-9913-40d2-8b2f-9edfa80293ed-1,5bb8eb72-5ea5-4a0f-80d3-701989b768ea-845190,ocds-b5fd17-f1e9facd-9913-40d2-8b2f-9edfa80293ed,2025-05-14 11:39:02+0000,2025-03-31 23:00:00+0000,392000000.0,,Ministry of Justice,selective,services,2025-04-29 23:00:00+0000,2036-01-19 23:59:59+0000,10.72,1,Sodexo Limited,0,0,2,1,0,1,4,High review,Several material screening signals
ocds-b5fd17-e21dd7f6-97d3-415c-802a-0f2c797da23b-1,42703465-c4b4-4d83-82ee-dd03b006974c-833138,ocds-b5fd17-e21dd7f6-97d3-415c-802a-0f2c797da23b,2025-03-12 08:40:23+0000,2024-08-11 23:00:00+0000,378000000.0,,Sheffield City Council,selective,services,2025-01-02 00:00:00+0000,2040-03-31 23:59:59+0000,15.24,1,Sport and Leisure Management,0,0,2,1,0,1,4,High review,Several material screening signals
ocds-b5fd17-be2e82b5-6c95-4be2-a71c-93d2f245d4c0-1,620206d7-aedd-4fcb-8777-1ee6f645114b-841531,ocds-b5fd17-be2e82b5-6c95-4be2-a71c-93d2f245d4c0,2025-04-22 10:54:22+0000,2025-03-30 23:00:00+0000,345710030.0,,Defra,limited,services,2025-03-31 23:00:00+0000,2030-03-31 22:59:59+0000,5.0,1,Fera Science Ltd,0,0,2,0,1,1,4,High review,Several material screening signals
ocds-b5fd17-141b8498-07e6-4e86-88eb-905f2e2b684f-1,6506eead-edbb-4ada-a21d-a1ee056ac92d-828465,ocds-b5fd17-141b8498-07e6-4e86-88eb-905f2e2b684f,2025-02-20 11:22:49+0000,2025-02-20 00:00:00+0000,300000000.0,,Darlington Borough Council,limited,works,2025-09-29 23:00:00+0000,2027-09-30 22:59:59+0000,2.0,1,Esh Homes Limited,0,0,2,0,1,1,4,High review,Several material screening signals
ocds-b5fd17-6d61bbb6-9239-471b-8054-0ed7cd8a9afa-1,cc61cc07-b54a-47dd-ab1d-51b0af9c686e-871509,ocds-b5fd17-6d61bbb6-9239-471b-8054-0ed7cd8a9afa,2025-11-10 15:06:45+0000,2025-10-12 23:00:00+0000,245680004.75,,Ministry of Justice,selective,works,2025-10-12 23:00:00+0000,2036-04-04 22:59:59+0000,10.48,1,Kier Construction Limited,0,0,2,1,0,1,4,High review,Several material screening signals
ocds-b5fd17-1d38c39d-0dd4-4548-95fe-bb1a429760fe-1,266a92e7-84d9-4453-a0fe-503588a0c280-819543,ocds-b5fd17-1d38c39d-0dd4-4548-95fe-bb1a429760fe,2025-01-22 16:26:53+0000,2025-01-06 00:00:00+0000,200000000.0,,The Royal Borough of Windsor and Maidenhead Council,selective,services,2025-03-31 23:00:00+0000,2040-03-30 23:59:59+0000,15.0,1,Leisure Focus,0,0,2,1,0,1,4,High review,Several material screening signals
ocds-b5fd17-4b6dfd65-fc29-45a3-9195-02952c8554cf-1,01d3d48e-3cd9-4e31-80ad-a71448bdaa5a-818757,ocds-b5fd17-4b6dfd65-fc29-45a3-9195-02952c8554cf,2025-01-20 17:34:42+0000,2024-12-20 00:00:00+0000,189515306.04,,HS2,selective,works,2025-02-03 00:00:00+0000,2040-08-26 23:59:59+0000,15.56,1,Siemens Mobility Limited,0,0,2,1,0,1,4,High review,Several material screening signals
ocds-b5fd17-555e25ba-634b-4fd2-ae46-37673c9e638c-1,dacae9f9-db4d-4b15-9b4b-d6d3bb3b1efa-843576,ocds-b5fd17-555e25ba-634b-4fd2-ae46-37673c9e638c,2025-05-02 10:51:51+0000,2025-04-14 23:00:00+0000,157105290.0,,BDUK,selective,services,2025-04-14 23:00:00+0000,2037-09-30 22:59:59+0000,12.46,1,British Telecommunications plc,0,0,2,1,0,1,4,High review,Several material screening signals
ocds-b5fd17-f93143d6-75a1-4166-b2c1-f5219099e54a-1,38cc324e-1128-4d00-b39f-c5d057bbed8c-819698,ocds-b5fd17-f93143d6-75a1-4166-b2c1-f5219099e54a,2025-01-23 11:07:25+0000,2024-05-28 23:00:00+0000,157000000.0,,MINISTRY OF DEFENCE,limited,services,2024-05-28 23:00:00+0000,2027-05-28 22:59:59+0000,3.0,1,Oracle Corporation Uk Limited,0,1,2,0,1,1,4,High review,Several material screening signals
ocds-b5fd17-ebdf28a5-3a9f-4e9d-9480-a780f54caee0-1,ea194fc8-0eac-4300-a9ff-4242e7ee236c-877282,ocds-b5fd17-ebdf28a5-3a9f-4e9d-9480-a780f54caee0,2025-12-23 11:34:05+0000,2025-12-03 00:00:00+0000,128000000.0,,Sellafield Limited,limited,services,2025-12-03 00:00:00+0000,2031-12-02 23:59:59+0000,6.0,1,Equans E&S Solutions Limited,0,0,2,0,1,1,4,High review,Several material screening signals
ocds-b5fd17-a036127b-6420-42a4-b9f6-94d5f269ecc9-1,c6a802b9-0eef-4272-a0cb-0c28090d30c1-828019,ocds-b5fd17-a036127b-6420-42a4-b9f6-94d5f269ecc9,2025-02-19 13:24:23+0000,2025-02-18 00:00:00+0000,120000000.0,,Hull City Council,open,works,2025-03-30 23:00:00+0000,2040-03-31 23:59:59+0000,15.0,1,Muse Developments Ltd,0,0,2,1,0,1,4,High review,Several material screening signals
ocds-b5fd17-be998afa-a515-42b9-bd4c-6462d04e441f-1,7a41e9ef-0162-4a59-84d3-c44be12f03b7-816893,ocds-b5fd17-be998afa-a515-42b9-bd4c-6462d04e441f,2025-01-14 11:28:59+0000,2024-12-18 00:00:00+0000,108937244.0,,BDUK,selective,services,2024-12-18 00:00:00+0000,2037-09-30 22:59:59+0000,12.79,1,British Telecommunications plc,0,0,2,1,0,1,4,High review,Several material screening signals
ocds-b5fd17-5450639f-18d5-4caa-9d4b-248e61607688-1,9597af11-f721-4ae7-99fb-e6b0f4ad08ed-816913,ocds-b5fd17-5450639f-18d5-4caa-9d4b-248e61607688,2025-01-14 11:51:24+0000,2025-01-14 00:00:00+0000,10000000.0,,City of Doncaster Council,direct,services,2024-03-31 23:00:00+0000,2099-12-31 23:59:59+0000,75.75,12,"Copperclay Mews,Malsis Hall,19 Lower Dolcliffe Road,Moorgate Lodge,New Oakwood Lodge- Phoenix House,Hillside Court,Vida Grange,The Coach House Care Home,Hexthorpe Cottage,Montagu Hall Care Home,Bel-Esprit Social Care Ltd,Mayfair",0,0,0,2,2,0,4,High review,Several material screening signals
ocds-b5fd17-92ec70f9-68a6-4d63-9cb0-ec81993bc6bc-1,9530ecd2-38be-4b1e-a779-5a700d778c8f-817651,ocds-b5fd17-92ec70f9-68a6-4d63-9cb0-ec81993bc6bc,2025-01-16 10:46:57+0000,2025-01-16 00:00:00+0000,10000000.0,,City of Doncaster Council,direct,services,2024-06-30 23:00:00+0000,2099-12-31 23:59:59+0000,75.5,6,"THE HALL - EPINAL WAY CARE CENTRE,KNOLLBECK - HEATHCOTES/IVOLVE,Tom Harrison House,Hemlington Hall,Sutton Veny House Ltd T/A South Cary House,The Mount Care Home",0,0,0,2,2,0,4,High review,Several material screening signals
ocds-b5fd17-e6ca355d-1dd4-4b88-ad4a-1712c7c1e9a2-1,52035edb-888f-4e46-b185-db5f4203fd05-816908,ocds-b5fd17-e6ca355d-1dd4-4b88-ad4a-1712c7c1e9a2,2025-01-14 11:41:35+0000,2025-01-14 00:00:00+0000,10000000.0,,City of Doncaster Council,direct,services,2024-01-01 00:00:00+0000,2099-12-31 23:59:59+0000,76.0,8,"Care in Mind Ltd t/a Woodside,Cygnet Behavioural Health Limited t/a 15 The Sycamores,Brinsworth House,Magna,Wentworth Hall & Park House,Potters Green,WEST VILLA RESIDENTIAL HOME,ROSSALL NURSING HOME",0,0,0,2,2,0,4,High review,Several material screening signals
ocds-b5fd17-f5c57364-e386-4534-9898-2502e7e6dd63-1,d97f0d9c-8923-44c6-b002-856edd04199e-857269,ocds-b5fd17-f5c57364-e386-4534-9898-2502e7e6dd63,2025-08-01 13:18:42+0000,2025-02-01 00:00:00+0000,3410820.0,,Chelmsford City Council,direct,works,2025-03-30 23:00:00+0000,2035-09-30 22:59:59+0000,10.5,1,MMC HOMEBUILDING LIMITED,0,0,0,1,2,1,4,High review,Several material screening signals
ocds-b5fd17-d05bf60e-49f4-4d09-a462-df0b93899549-1,afef3e39-92fe-444a-8849-ca9bf1d5fd57-850797,ocds-b5fd17-d05bf60e-49f4-4d09-a462-df0b93899549,2025-06-20 15:04:45+0000,2025-03-07 00:00:00+0000,1256685.0,,Liverpool City Council,direct,services,2025-03-20 00:00:00+0000,2040-03-19 23:59:59+0000,15.0,1,Facultatieve Technologies Ltd,0,0,0,1,2,1,4,High review,Several material screening signals
ocds-b5fd17-b3c25616-f896-416d-8857-1db45c7b81b8-1,66bf76d7-b3d3-4938-8de5-cd4b3a05f08a-864200,ocds-b5fd17-b3c25616-f896-416d-8857-1db45c7b81b8,2025-09-18 08:30:29+0000,2025-09-17 23:00:00+0000,282000.0,,Leeds City Council,direct,works,2025-08-31 23:00:00+0000,2040-08-31 23:59:59+0000,15.0,1,Blink Charging UK Limited,0,0,0,1,2,1,4,High review,Several material screening signals
ocds-b5fd17-e6ddb4dd-5d3c-486a-ac3c-062535ae1001-1,a85a6c86-5661-47dc-9146-0e2183750794-858113,ocds-b5fd17-e6ddb4dd-5d3c-486a-ac3c-062535ae1001,2025-08-07 15:23:19+0000,2025-05-08 23:00:00+0000,150000.0,,LEEDS TRINITY UNIVERSITY,direct,goods,2015-12-16 00:00:00+0000,2030-05-08 22:59:59+0000,14.4,1,Star Rez,0,0,0,1,2,1,4,High review,Several material screening signals
ocds-b5fd17-d2390df8-cabc-46ed-84be-1c4465f9e04a-1,09dd9841-966c-4317-8193-eeddbd5ae287-830201,ocds-b5fd17-d2390df8-cabc-46ed-84be-1c4465f9e04a,2025-02-25 11:26:26+0000,2025-02-17 00:00:00+0000,81048.64,,North Yorkshire Council,direct,goods,2025-02-18 00:00:00+0000,2035-07-01 22:59:59+0000,10.37,1,Vix Technology UK Ltd,0,0,0,1,2,1,4,High review,Several material screening signals
ocds-b5fd17-e80448d6-b343-456a-9d7a-00dabf4381a8-1,a41b1a41-e87b-4cd5-9f94-4dbc9277af29-822668,ocds-b5fd17-e80448d6-b343-456a-9d7a-00dabf4381a8,2025-02-03 14:11:47+0000,2025-02-03 00:00:00+0000,49847.0,,Leeds City Council,direct,services,2022-07-31 23:00:00+0000,2032-07-31 22:59:59+0000,10.0,1,Blink Charging UK Limited,0,0,0,1,2,1,4,High review,Several material screening signals
