buyer_key,buyer_name,award_count,allocated_value,activity_band,value_band,buyer_segment
ID:GB-SRS-supplierregistration.cabinetoffice.gov.uk/6sQD8uds,Crown Commercial Service,265,140549054888.93,200+ awards,£1B+,High activity / High value
ID:GB-CFS-310759,The Crescent Academy,6,90000000000.0,2-9 awards,£1B+,Lower activity / High value
ID:GB-CFS-244168,Wiltshire Council,1,21191000000.0,1 award,£1B+,Lower activity / High value
ID:GB-SRS-sid4gov.cabinetoffice.gov.uk/7U7AuvS7,MINISTRY OF DEFENCE,337,8331354750.11,200+ awards,£1B+,High activity / High value
ID:GB-CFS-317938,Supply Chain Coordination Limited,31,7688782080.0,10-49 awards,£1B+,Lower activity / High value
ID:GB-CFS-183111,Ministry of Justice,166,6810471484.46,50-199 awards,£1B+,High activity / High value
ID:GB-SRS-sid4gov.cabinetoffice.gov.uk/m6gv6TMA,N H S Shared Business Services,67,6412633290.59,50-199 awards,£1B+,High activity / High value
ID:GB-SRS-sid4gov.cabinetoffice.gov.uk/R7P26Eu7,HAMPSHIRE COUNTY COUNCIL,282,6085754449.67,200+ awards,£1B+,High activity / High value
ID:GB-CFS-279061,Sellafield Limited,1,4600000000.0,1 award,£1B+,Lower activity / High value
ID:GB-CFS-316791,Supply Chain Coordination Limited,1,4200000000.0,1 award,£1B+,Lower activity / High value
ID:GB-SRS-sid4gov.cabinetoffice.gov.uk/NGYE67fS,THE ASSOCIATION OF NORTH EAST COUNCILS LIMITED,7,4115000000.0,2-9 awards,£1B+,Lower activity / High value
ID:GB-CFS-142461,Procurement Assist Limited c/o Integrated Facilities Management Bolton Ltd (iFM Bolton),3,3650000000.0,2-9 awards,£1B+,Lower activity / High value
ID:GB-GOR-D25,H M REVENUE & CUSTOMS,179,3443872396.59,50-199 awards,£1B+,High activity / High value
ID:GB-SRS-sid4gov.cabinetoffice.gov.uk/8u5J6V4e,BIP SOLUTIONS LIMITED,67,3189878775.63,50-199 awards,£1B+,High activity / High value
ID:GB-CFS-43251,HS2,8,2989412812.6,2-9 awards,£1B+,Lower activity / High value
ID:GB-CFS-326450,Sellafield Ltd,1,2945000000.0,1 award,£1B+,Lower activity / High value
ID:GB-CFS-220820,Ministry of Defence,1,2900000000.0,1 award,£1B+,Lower activity / High value
ID:GB-SRS-sid4gov.cabinetoffice.gov.uk/ahmV766A,Department For Work and Pensions,9,2804916798.0,2-9 awards,£1B+,Lower activity / High value
ID:GB-CFS-57933,Peabody Trust,65,2356278016.59,50-199 awards,£1B+,High activity / High value
ID:GB-CFS-156204,NHS England,4,2153365782.0,2-9 awards,£1B+,Lower activity / High value
ID:GB-SRS-sid4gov.cabinetoffice.gov.uk/XjVA96JU,KENT COUNTY COUNCIL,107,2062115950.02,50-199 awards,£1B+,High activity / High value
ID:GB-CFS-70802,PROSPER,59,2005035481.49,50-199 awards,£1B+,High activity / High value
ID:GB-CFS-315740,NOECPC,1,2000000000.0,1 award,£1B+,Lower activity / High value
ID:GB-SRS-sid4gov.cabinetoffice.gov.uk/8vt52CDf,Espo,30,1973862973.88,10-49 awards,£1B+,Lower activity / High value
ID:GB-CFS-311321,Hertfordshire County Council - Growth and Environment,3,1951280816.75,2-9 awards,£1B+,Lower activity / High value
ID:GB-CFS-319596,Fusion21 Members Consortium,4,1694500395.0,2-9 awards,£1B+,Lower activity / High value
ID:GB-CFS-145188,Essex County Council,11,1572627987.22,10-49 awards,£1B+,Lower activity / High value
ID:GB-CFS-148108,Home Office,168,1506115307.196,50-199 awards,£1B+,High activity / High value
ID:GB-CFS-282518,"Leeds and York Partnership NHS Foundation Trust, trading as North of England NHS Commercial Procurement Collaborative (""NOE CPC""), for itself and acting as agent for the Participating Organisations and NHS Shared Business Services Limited",1,1500000000.0,1 award,£1B+,Lower activity / High value
ID:GB-CFS-322949,Notting Hill Genesis,1,1500000000.0,1 award,£1B+,Lower activity / High value
ID:GB-CFS-317458,Fusion21 Members Consortium,1,1500000000.0,1 award,£1B+,Lower activity / High value
ID:GB-CFS-210249,NHS Supply Chain,6,1391662952.0,2-9 awards,£1B+,Lower activity / High value
ID:GB-CFS-189188,Ministry of Justice,4,1385948827.0,2-9 awards,£1B+,Lower activity / High value
ID:GB-CFS-306552,Home Office,1,1362000000.0,1 award,£1B+,Lower activity / High value
ID:GB-CFS-316158,Ministry of Defence,1,1359000000.0,1 award,£1B+,Lower activity / High value
ID:GB-CFS-166107,Department for Work and Pensions,1,1356000002.0,1 award,£1B+,Lower activity / High value
ID:GB-CFS-50606,YPO,15,1340590000.0,10-49 awards,£1B+,Lower activity / High value
ID:GB-SRS-sid4gov.cabinetoffice.gov.uk/nByR87H8,EFFICIENCY EAST MIDLANDS LIMITED,5,1309323414.0,2-9 awards,£1B+,Lower activity / High value
ID:GB-CFS-186423,North of England Commercial Procurement Collaborative,3,1300000000.0,2-9 awards,£1B+,Lower activity / High value
ID:GB-CFS-156761,NHS England,1,1241520444.0,1 award,£1B+,Lower activity / High value
ID:GB-CFS-295432,Efficiency East Midlands,1,1200000000.0,1 award,£1B+,Lower activity / High value
ID:GB-GOR-OT529,N H S Business Services Authority,2,1175925037.0,2-9 awards,£1B+,Lower activity / High value
ID:GB-CFS-258790,Central and Cecil Housing Trust,15,1170000000.0,10-49 awards,£1B+,Lower activity / High value
ID:GB-CFS-82079,Department for Work and Pensions,7,1097738951.0,2-9 awards,£1B+,Lower activity / High value
ID:GB-SRS-sid4gov.cabinetoffice.gov.uk/8PQu5m2e,Yorkshire Purchasing Organisation,79,1088100367.44,50-199 awards,£1B+,High activity / High value
ID:GB-CFS-117985,Lichfield District Council,3,1000297915.0,2-9 awards,£1B+,Lower activity / High value
ID:GB-SRS-sid4gov.cabinetoffice.gov.uk/djQb92Hk,SALISBURY NHS FOUNDATION TRUST,3,1000000000.0,2-9 awards,£1B+,Lower activity / High value
ID:GB-SRS-sid4gov.cabinetoffice.gov.uk/C958szYN,CIRRUS PURCHASING LTD,4,954339000.0,2-9 awards,£100M-<£1B,Lower activity / High value
ID:GB-CFS-36635,YPO,6,937422000.0,2-9 awards,£100M-<£1B,Lower activity / High value
ID:GB-CFS-319046,"Department for Environment, Food & Rural Affairs",3,919021300.0,2-9 awards,£100M-<£1B,Lower activity / High value
ID:GB-CFS-59540,Department for Work and Pensions,15,911809794.64,10-49 awards,£100M-<£1B,Lower activity / High value
ID:GB-CFS-187357,Sheffield City Council,128,897509900.97,50-199 awards,£100M-<£1B,High activity / High value
ID:GB-CFS-319195,Supply Chain Coordination Limited,1,880000000.0,1 award,£100M-<£1B,Lower activity / High value
ID:GB-CFS-319169,Ministry of Defence,1,878000000.0,1 award,£100M-<£1B,Lower activity / High value
ID:GB-CFS-99308,Department for Education,151,877743391.26,50-199 awards,£100M-<£1B,High activity / High value
ID:GB-CFS-67123,Oxfordshire County Council,5,848701707.0,2-9 awards,£100M-<£1B,Lower activity / High value
ID:GB-CFS-82140,Liverpool City Council,24,835580671.4499999,10-49 awards,£100M-<£1B,Lower activity / High value
ID:GB-CFS-292258,British Telecommunications plc,1,800000000.0,1 award,£100M-<£1B,Lower activity / High value
ID:GB-CFS-26226,Procurement for Housing,15,762500000.0,10-49 awards,£100M-<£1B,Lower activity / High value
ID:GB-CFS-310343,Kent County Council (T/a Procurement Services),5,750000004.0,2-9 awards,£100M-<£1B,Lower activity / High value
ID:GB-CFS-279772,Defra Commercial,74,747036822.81,50-199 awards,£100M-<£1B,High activity / High value
ID:GB-CFS-328360,National Highways Limited,8,727323300.2,2-9 awards,£100M-<£1B,Lower activity / High value
ID:GB-CFS-242784,Cumberland Council,94,687603075.35,50-199 awards,£100M-<£1B,High activity / High value
ID:GB-CFS-134560,Department for Education,76,681495881.45,50-199 awards,£100M-<£1B,High activity / High value
ID:GB-SRS-sid4gov.cabinetoffice.gov.uk/5WZu8KXU,Transport for London,83,602470596.28,50-199 awards,£100M-<£1B,High activity / High value
ID:GB-CFS-307303,Halton Housing c/o Link Group,1,600000000.0,1 award,£100M-<£1B,Lower activity / High value
ID:GB-CFS-319947,"Cumbria, Northumberland Tyne and Wear NHS Foundation Trust C/O Sustainable Energy First Limited",1,595000000.0,1 award,£100M-<£1B,Lower activity / High value
ID:GB-CFS-241000,NHS England,50,581123748.88,50-199 awards,£100M-<£1B,High activity / High value
ID:GB-SRS-sid4gov.cabinetoffice.gov.uk/9yt6Qa35,BANK OF ENGLAND,267,572740856.4,200+ awards,£100M-<£1B,High activity / High value
ID:GB-CFS-135448,Ministry of Justice,280,565902790.38,200+ awards,£100M-<£1B,High activity / High value
ID:GB-CFS-261344,Nuclear Decommissioning Authority,1,522300000.0,1 award,£100M-<£1B,Lower activity / High value
ID:GB-CFS-171315,Intellectual Property Office,11,506737279.65,10-49 awards,£100M-<£1B,Lower activity / High value
ID:GB-CFS-232497,Foreign Commonwealth and Development Office,1,500000000.0,1 award,£100M-<£1B,Lower activity / High value
ID:GB-CFS-189214,Ministry of Justice,5,497808805.84,2-9 awards,£100M-<£1B,Lower activity / High value
ID:GB-CFS-309882,Milton Keynes City Council,21,490572924.14,10-49 awards,£100M-<£1B,Lower activity / High value
ID:GB-SRS-supplierregistration.cabinetoffice.gov.uk/FdrJ277p,North Northamptonshire Council,121,485629162.47,50-199 awards,£100M-<£1B,High activity / High value
ID:GB-CFS-231214,NS&I,21,475807826.33,10-49 awards,£100M-<£1B,Lower activity / High value
ID:GB-CFS-323647,JV North Limited,1,475000000.0,1 award,£100M-<£1B,Lower activity / High value
ID:GB-CFS-323043,NHS England,1,459652576.0,1 award,£100M-<£1B,Lower activity / High value
ID:GB-CFS-163767,BHCC ASC,1,450000000.0,1 award,£100M-<£1B,Lower activity / High value
ID:GB-CFS-253339,BDUK,5,446328025.0,2-9 awards,£100M-<£1B,Lower activity / High value
ID:GB-CFS-151067,Foreign Commonwealth and Development Office,186,438893095.949,50-199 awards,£100M-<£1B,High activity / High value
ID:GB-CFS-316095,National Highways,36,438770253.61,10-49 awards,£100M-<£1B,Lower activity / High value
ID:GB-CFS-304157,North of England Commercial Procurement Collaborative,5,438000000.0,2-9 awards,£100M-<£1B,Lower activity / High value
ID:GB-CFS-196703,Ministry of Justice,2,435613044.0,2-9 awards,£100M-<£1B,Lower activity / High value
ID:GB-CFS-271006,NHS London Procurement Partnership (hosted by Guy's and St Thomas' NHS Foundation Trust),1,431000000.0,1 award,£100M-<£1B,Lower activity / High value
ID:GB-CFS-188336,East Riding of Yorkshire Council,91,414841820.59,50-199 awards,£100M-<£1B,High activity / High value
ID:GB-CFS-58064,Bristol City Council,74,410332465.71,50-199 awards,£100M-<£1B,High activity / High value
ID:GB-CFS-101458,Kent County Council,2,403011911.75,2-9 awards,£100M-<£1B,Lower activity / High value
ID:GB-CFS-308161,Echelon Consultancy Ltd,1,400000000.0,1 award,£100M-<£1B,Lower activity / High value
ID:GB-CFS-307698,STAR Procurement C/O Trafford Council,1,400000000.0,1 award,£100M-<£1B,Lower activity / High value
ID:GB-LAE-KIR,Kirklees Council,418,387731020.36,200+ awards,£100M-<£1B,High activity / High value
ID:GB-CFS-186962,Leeds City Council,252,386009990.27,200+ awards,£100M-<£1B,High activity / High value
ID:GB-CFS-321287,NHS London Procurement Partnership (Hosted by Guy's and St Thomas' NHS FT),1,382877289.39,1 award,£100M-<£1B,Lower activity / High value
ID:GB-CFS-273198,DESNZ,52,369722222.06,50-199 awards,£100M-<£1B,High activity / High value
ID:GB-LAE-SOS,Southend-on-sea Borough Council,23,364736485.59,10-49 awards,£100M-<£1B,Lower activity / High value
ID:GB-CFS-107313,Luton Council,87,358091749.76,50-199 awards,£100M-<£1B,High activity / High value
ID:GB-CFS-268869,Defra,1,345710030.0,1 award,£100M-<£1B,Lower activity / High value
ID:GB-GOR-OT1056,Government Digital Service,26,341708068.59,10-49 awards,£100M-<£1B,Lower activity / High value
ID:GB-LAE-DER,DERBY CITY COUNCIL,118,334531050.62,50-199 awards,£100M-<£1B,High activity / High value
ID:GB-SRS-sid4gov.cabinetoffice.gov.uk/v2gr32H4,Lancashire County Council,92,328887401.3,50-199 awards,£100M-<£1B,High activity / High value
ID:GB-CFS-178372,Dorset Council,8,327012095.83,2-9 awards,£100M-<£1B,Lower activity / High value
ID:GB-SRS-sid4gov.cabinetoffice.gov.uk/dXGP288m,UK SHARED BUSINESS SERVICES LIMITED,628,321560306.16,200+ awards,£100M-<£1B,High activity / High value
ID:GB-SRS-sid4gov.cabinetoffice.gov.uk/t9Gu6N7M,Post Office,62,318063912.1,50-199 awards,£100M-<£1B,High activity / High value
ID:GB-CFS-269720,Ministry of Defence,4,311644708.79,2-9 awards,£100M-<£1B,Lower activity / High value
ID:GB-SRS-supplierregistration.cabinetoffice.gov.uk/2yKS4Htu,Platform Housing Group,15,310722853.45,10-49 awards,£100M-<£1B,Lower activity / High value
ID:GB-CFS-50175,Darlington Borough Council,5,309401100.0,2-9 awards,£100M-<£1B,Lower activity / High value
ID:GB-SRS-sid4gov.cabinetoffice.gov.uk/5wuN3tuF,PROCURE PLUS HOLDINGS LIMITED,3,308592000.0,2-9 awards,£100M-<£1B,Lower activity / High value
ID:GB-SRS-sid4gov.cabinetoffice.gov.uk/88Cu8Eqe,Ashfield Council,8,307168434.81,2-9 awards,£100M-<£1B,Lower activity / High value
ID:GB-CFS-314180,NHS England,2,307037000.0,2-9 awards,£100M-<£1B,Lower activity / High value
ID:GB-CFS-276782,Procurement for Housing,8,300000000.0,2-9 awards,£100M-<£1B,Lower activity / High value
ID:GB-CFS-148218,Echelon Consultancy Ltd,1,300000000.0,1 award,£100M-<£1B,Lower activity / High value
ID:GB-CFS-309703,East of England NHS Collaborative Procurement Hub,1,300000000.0,1 award,£100M-<£1B,Lower activity / High value
ID:GB-CFS-309426,HealthTrust Europe LLP (HTE),1,300000000.0,1 award,£100M-<£1B,Lower activity / High value
ID:GB-CFS-51222,Lincolnshire County Council,78,294654195.81,50-199 awards,£100M-<£1B,High activity / High value
ID:GB-SRS-sid4gov.cabinetoffice.gov.uk/Qcy76AyS,HM Government of Gibraltar,12,278068790.89,10-49 awards,£100M-<£1B,Lower activity / High value
ID:GB-CFS-175488,Ministry of Defence,18,272141969.02000004,10-49 awards,£100M-<£1B,Lower activity / High value
ID:GB-CFS-186339,Ministry of Justice,23,271348258.88,10-49 awards,£100M-<£1B,Lower activity / High value
ID:GB-CFS-318974,Department for Work and Pensions,1,265320000.0,1 award,£100M-<£1B,Lower activity / High value
ID:GB-SRS-sid4gov.cabinetoffice.gov.uk/CkD254kv,"Ministry of Housing, Communities and Local Government",45,262470637.43,10-49 awards,£100M-<£1B,Lower activity / High value
ID:GB-CFS-225434,Environment Agency,291,256749244.24,200+ awards,£100M-<£1B,High activity / High value
ID:GB-CFS-226503,EN Procure Ltd,5,254236355.0,2-9 awards,£100M-<£1B,Lower activity / High value
ID:GB-CFS-273422,"Department for Environment, Food & Rural Affairs",91,251425334.21,50-199 awards,£100M-<£1B,High activity / High value
ID:GB-SRS-sid4gov.cabinetoffice.gov.uk/2bqz5FZA,NATIONAL GRID UK LIMITED,1,250000000.0,1 award,£100M-<£1B,Lower activity / High value
ID:GB-CFS-66347,Nottinghamshire County Council,276,246485985.65,200+ awards,£100M-<£1B,High activity / High value
ID:GB-CFS-306151,Ministry of Defence,1,245434247.0,1 award,£100M-<£1B,Lower activity / High value
ID:GB-LAE-WNM,The Royal Borough of Windsor and Maidenhead Council,10,244260085.0,10-49 awards,£100M-<£1B,Lower activity / High value
ID:GB-CFS-85120,Notting Hill Genesis,5,244010523.0,2-9 awards,£100M-<£1B,Lower activity / High value
ID:GB-CFS-182991,Ministry of Defence,6,243726699.46,2-9 awards,£100M-<£1B,Lower activity / High value
ID:GB-CFS-245947,The North Yorkshire Council,103,242503497.01,50-199 awards,£100M-<£1B,High activity / High value
ID:GB-CFS-86222,Sanctuary Housing Association,3,240126520.0,2-9 awards,£100M-<£1B,Lower activity / High value
ID:GB-CFS-195110,Ministry of Defence,1,234440286.0,1 award,£100M-<£1B,Lower activity / High value
ID:GB-CFS-126886,Department for Education,26,231884358.72,10-49 awards,£100M-<£1B,Lower activity / High value
ID:GB-CFS-21,Torus62 Limited,2,228166666.67,2-9 awards,£100M-<£1B,Lower activity / High value
ID:GB-SRS-sid4gov.cabinetoffice.gov.uk/K9JE9e8E,IN-TEND LIMITED,6,223141573.14,2-9 awards,£100M-<£1B,Lower activity / High value
ID:GB-CFS-120787,The Royal Borough of Kingston upon Thames,48,220797401.36,10-49 awards,£100M-<£1B,Lower activity / High value
ID:GB-CFS-182065,Ministry of Defence,12,215417000.0,10-49 awards,£100M-<£1B,Lower activity / High value
ID:GB-CFS-50611,London Borough of Merton,28,214305076.78,10-49 awards,£100M-<£1B,Lower activity / High value
ID:GB-SRS-sid4gov.cabinetoffice.gov.uk/3A4AmUm4,Cabinet Office,114,212050596.71,50-199 awards,£100M-<£1B,High activity / High value
ID:GB-CFS-232082,National Highways,23,210673933.56,10-49 awards,£100M-<£1B,Lower activity / High value
ID:GB-LAE-HAV,LONDON BOROUGH OF HAVERING,22,209498320.6,10-49 awards,£100M-<£1B,Lower activity / High value
ID:GB-CFS-149344,HS2,2,206985125.2,2-9 awards,£100M-<£1B,Lower activity / High value
ID:GB-CFS-299986,Hampshire County Council,3,200463105.5,2-9 awards,£100M-<£1B,Lower activity / High value
ID:GB-CFS-299924,London Universities Purchasing Consortium,1,200000000.0,1 award,£100M-<£1B,Lower activity / High value
ID:GB-CFS-327254,Hyde Housing Association Ltd.,1,200000000.0,1 award,£100M-<£1B,Lower activity / High value
ID:GB-CFS-94537,NEUPC Ltd,1,200000000.0,1 award,£100M-<£1B,Lower activity / High value
ID:GB-CFS-309796,North Western Universities Purchasing Consortium,1,200000000.0,1 award,£100M-<£1B,Lower activity / High value
ID:GB-CFS-327010,Hyde Housing Association Limited,1,200000000.0,1 award,£100M-<£1B,Lower activity / High value
ID:GB-CFS-233134,Cheshire west and Chester Borough Council,32,196053000.0,10-49 awards,£100M-<£1B,Lower activity / High value
ID:GB-CFS-294434,Places for People Group Limited,2,195000000.0,2-9 awards,£100M-<£1B,Lower activity / High value
ID:GB-CFS-309839,Ministry of Defence,1,194440000.0,1 award,£100M-<£1B,Lower activity / High value
ID:GB-CFS-262777,NHS England,25,191299774.78,10-49 awards,£100M-<£1B,Lower activity / High value
ID:GB-CFS-311644,Ministry of Defence,1,190200000.0,1 award,£100M-<£1B,Lower activity / High value
ID:GB-CFS-307106,HS2,1,189515306.04,1 award,£100M-<£1B,Lower activity / High value
ID:GB-CFS-148211,The Legal Aid Agency,2,187781577.0,2-9 awards,£100M-<£1B,Lower activity / High value
ID:GB-CFS-312872,BlueLight Commercial,1,184000000.0,1 award,£100M-<£1B,Lower activity / High value
ID:GB-SRS-sid4gov.cabinetoffice.gov.uk/AB9Ap52c,East Riding of Yorkshire Council,94,180796965.22,50-199 awards,£100M-<£1B,High activity / High value
ID:GB-SRS-supplierregistration.cabinetoffice.gov.uk/nq3G9geC,CITY OF BRADFORD METROPOLITAN DISTRICT COUNCIL,3,180607178.0,2-9 awards,£100M-<£1B,Lower activity / High value
ID:GB-CFS-172132,Ministry of Defence,44,179442652.07,10-49 awards,£100M-<£1B,Lower activity / High value
ID:GB-CFS-321672,Department for Education,25,177139059.23,10-49 awards,£100M-<£1B,Lower activity / High value
ID:GB-CFS-328994,Ministry of Defence,1,176607132.26,1 award,£100M-<£1B,Lower activity / High value
ID:GB-CFS-209532,Ministry of Defence,2,174002008.0,2-9 awards,£100M-<£1B,Lower activity / High value
ID:GB-CFS-50288,London Borough of Hackney,55,172859740.89,50-199 awards,£100M-<£1B,High activity / High value
ID:GB-SRS-supplierregistration.cabinetoffice.gov.uk/33rD6A8J,GOVERNMENT PROPERTY AGENCY,46,170367226.48,10-49 awards,£100M-<£1B,Lower activity / High value
ID:GB-CFS-319930,Ministry of Defence,2,168374713.0,2-9 awards,£100M-<£1B,Lower activity / High value
ID:GB-CFS-110469,The Royal Borough of Kingston upon Thames,23,167547071.54,10-49 awards,£100M-<£1B,Lower activity / High value
ID:GB-CFS-67010,Bolton Council,12,165959121.32,10-49 awards,£100M-<£1B,Lower activity / High value
ID:GB-CFS-257613,City of Doncaster Council,151,164026179.14,50-199 awards,£100M-<£1B,High activity / High value
ID:GB-CFS-161309,DVSA - Driver and Vehicle Standards Agency,24,162743702.06,10-49 awards,£100M-<£1B,Lower activity / High value
ID:GB-CFS-41369,Hampshire County Council,336,162685826.21,200+ awards,£100M-<£1B,High activity / High value
ID:GB-CFS-52427,Leicestershire County Council,140,159634827.8,50-199 awards,£100M-<£1B,High activity / High value
ID:GB-CFS-193585,West Hertfordshire Teaching Hospitals NHS Trust,3,159200000.0,2-9 awards,£100M-<£1B,Lower activity / High value
ID:GB-LAE-DUR,Durham County Council,76,157289335.43,50-199 awards,£100M-<£1B,High activity / High value
ID:GB-LAE-SND,Sunderland City Council,38,152359902.62,10-49 awards,£100M-<£1B,Lower activity / High value
ID:GB-CFS-49324,Liverpool City Council,31,147734742.48,10-49 awards,£100M-<£1B,Lower activity / High value
ID:GB-SRS-sid4gov.cabinetoffice.gov.uk/G3ZV25Cu,WESTWORKS PROCUREMENT LIMITED,28,145936994.75,10-49 awards,£100M-<£1B,Lower activity / High value
ID:GB-CFS-215441,Ministry of Justice,6,144440415.37,2-9 awards,£100M-<£1B,Lower activity / High value
ID:GB-SRS-sid4gov.cabinetoffice.gov.uk/jxfb36Bw,Southampton City Council,55,142848958.93,50-199 awards,£100M-<£1B,High activity / High value
ID:GB-SRS-sid4gov.cabinetoffice.gov.uk/73RFyxJw,NHS PROPERTY SERVICES LIMITED,299,142684910.07,200+ awards,£100M-<£1B,High activity / High value
ID:GB-CFS-327930,Kent County Council,1,141373906.0,1 award,£100M-<£1B,Lower activity / High value
ID:GB-SRS-sid4gov.cabinetoffice.gov.uk/7FXWaRZ8,UNIVERSITY OF ESSEX,25,140844374.84,10-49 awards,£100M-<£1B,Lower activity / High value
ID:GB-CFS-124582,Department for Education,26,139892618.55,10-49 awards,£100M-<£1B,Lower activity / High value
ID:GB-CFS-107820,Bristol City Council,29,136620289.72,10-49 awards,£100M-<£1B,Lower activity / High value
ID:GB-CFS-194591,Ministry of Justice,7,135485500.32999998,2-9 awards,£100M-<£1B,Lower activity / High value
ID:GB-CFS-188416,Hull City Council,187,133929438.66,50-199 awards,£100M-<£1B,High activity / High value
ID:GB-CFS-26061,Liverpool City Council,61,133585717.3,50-199 awards,£100M-<£1B,High activity / High value
ID:GB-CFS-49287,Devon County Council,64,132969174.98,50-199 awards,£100M-<£1B,High activity / High value
ID:GB-CFS-261922,Food Standards Agency,8,130307868.0,2-9 awards,£100M-<£1B,Lower activity / High value
ID:GB-SRS-sid4gov.cabinetoffice.gov.uk/2FNT5Nff,Metropolitan Police Service,80,129129103.24,50-199 awards,£100M-<£1B,High activity / High value
ID:GB-CFS-228127,Sellafield Limited,4,128153900.0,2-9 awards,£100M-<£1B,Lower activity / High value
ID:GB-CFS-227,Nottinghamshire County Council,69,127983081.08,50-199 awards,£100M-<£1B,High activity / High value
ID:GB-CFS-67270,Lincolnshire County Council,6,126686915.0,2-9 awards,£100M-<£1B,Lower activity / High value
ID:GB-CFS-60507,Herefordshire Council,19,126023968.41,10-49 awards,£100M-<£1B,Lower activity / High value
ID:GB-CFS-50290,London Borough of Hackney,36,122144010.97,10-49 awards,£100M-<£1B,Lower activity / High value
ID:GB-CFS-283247,Home Office,2,120885624.0,2-9 awards,£100M-<£1B,Lower activity / High value
ID:GB-CFS-289406,Food Standards Agency,7,120834653.0,2-9 awards,£100M-<£1B,Lower activity / High value
ID:GB-CFS-317406,Supply Chain Coordination Limited,2,120480000.0,2-9 awards,£100M-<£1B,Lower activity / High value
ID:GB-SRS-sid4gov.cabinetoffice.gov.uk/vpJD4jvD,Health & Safety Executive,21,120444278.5,10-49 awards,£100M-<£1B,Lower activity / High value
ID:GB-CFS-82764,Transport for Greater Manchester,2,120299554.0,2-9 awards,£100M-<£1B,Lower activity / High value
ID:GB-CFS-150888,Hull City Council,1,120000000.0,1 award,£100M-<£1B,Lower activity / High value
ID:GB-CFS-167801,Commercial Services Kent Limited,1,120000000.0,1 award,£100M-<£1B,Lower activity / High value
ID:GB-CFS-207906,Bournemouth Christchurch and Poole Council,67,119620180.7,50-199 awards,£100M-<£1B,High activity / High value
ID:GB-CFS-48821,London Borough of Barking and Dagenham,2,118800000.0,2-9 awards,£100M-<£1B,Lower activity / High value
ID:GB-SRS-sid4gov.cabinetoffice.gov.uk/2cy74UBh,The Crown Estate,183,118464371.09,50-199 awards,£100M-<£1B,High activity / High value
ID:GB-CFS-198913,Ministry of Defence,26,116533307.9,10-49 awards,£100M-<£1B,Lower activity / High value
ID:GB-SRS-sid4gov.cabinetoffice.gov.uk/BGnZ3MDm,HM Land Registry,34,116349142.44,10-49 awards,£100M-<£1B,Lower activity / High value
ID:GB-CFS-185005,North of England Commercial Procurement Collaborative,3,116303070.0,2-9 awards,£100M-<£1B,Lower activity / High value
ID:GB-GOR-D303,Office for National Statistics,113,116075209.73,50-199 awards,£100M-<£1B,High activity / High value
ID:GB-CFS-98892,CPS,39,114618998.6,10-49 awards,£100M-<£1B,Lower activity / High value
ID:GB-CFS-171998,Oxfordshire County Council,10,114554451.1,10-49 awards,£100M-<£1B,Lower activity / High value
ID:GB-LAE-WLV,Wolverhampton City Council,25,114549615.0,10-49 awards,£100M-<£1B,Lower activity / High value
ID:GB-CFS-229658,National Highways,124,112190967.25,50-199 awards,£100M-<£1B,High activity / High value
ID:GB-CFS-307586,Ministry of Defence,1,109637500.0,1 award,£100M-<£1B,Lower activity / High value
ID:GB-CFS-68597,Wiltshire Council,4,108775293.35,2-9 awards,£100M-<£1B,Lower activity / High value
ID:GB-CFS-245351,Cumberland Council,14,108546495.33,10-49 awards,£100M-<£1B,Lower activity / High value
ID:GB-CFS-278575,Home Office,14,108324037.25,10-49 awards,£100M-<£1B,Lower activity / High value
ID:GB-CFS-317353,The Mayor and Commonalty and Citizens of the City of London,4,106637649.0,2-9 awards,£100M-<£1B,Lower activity / High value
ID:GB-CFS-126175,Derbyshire County Council,119,105326075.31,50-199 awards,£100M-<£1B,High activity / High value
ID:GB-SRS-sid4gov.cabinetoffice.gov.uk/Qn752tMx,Surrey County Council,36,104675904.11,10-49 awards,£100M-<£1B,Lower activity / High value
ID:GB-CFS-153915,UK Research & Innovation,104,103801428.67,50-199 awards,£100M-<£1B,High activity / High value
ID:GB-CFS-174779,NHS Digital,3,103750000.0,2-9 awards,£100M-<£1B,Lower activity / High value
ID:GB-CFS-50691,Leicester City Council,98,103328703.8,50-199 awards,£100M-<£1B,High activity / High value
ID:GB-SRS-supplierregistration.cabinetoffice.gov.uk/sa8J3Dp4,LOCATED PROPERTY LIMITED,2,103095000.0,2-9 awards,£100M-<£1B,Lower activity / High value
ID:GB-CFS-274423,Cheshire west and Chester Borough Council,32,102524849.96,10-49 awards,£100M-<£1B,Lower activity / High value
ID:GB-CFS-181125,Foreign Commonwealth and Development Office,10,101447134.76,10-49 awards,£100M-<£1B,Lower activity / High value
ID:GB-CFS-313857,North East Lincolnshire Borough Council,5,100598110.0,2-9 awards,£100M-<£1B,Lower activity / High value
ID:GB-CFS-269055,Surrey Police,4,100287208.54,2-9 awards,£100M-<£1B,Lower activity / High value
ID:GB-CFS-277628,DESNZ,2,100000000.0,2-9 awards,£100M-<£1B,Lower activity / High value
ID:GB-CFS-311287,North of England Commercial Procurement Collaborative,1,100000000.0,1 award,£100M-<£1B,Lower activity / High value
ID:GB-CFS-327621,Supply Chain Coordination Limited,1,100000000.0,1 award,£100M-<£1B,Lower activity / High value
ID:GB-SRS-supplierregistration.cabinetoffice.gov.uk/z47BvqZE,TEES VALLEY COMBINED AUTHORITY,59,98649370.22,50-199 awards,£10M-<£100M,High activity / Lower value
ID:GB-CFS-307868,Department for Business and Trade,102,97275579.09,50-199 awards,£10M-<£100M,High activity / Lower value
ID:GB-CFS-192422,West Yorkshire Combined Authority,64,95563991.56,50-199 awards,£10M-<£100M,High activity / Lower value
ID:GB-CFS-189872,Barnsley Metropolitan Borough Council,110,93972407.33,50-199 awards,£10M-<£100M,High activity / Lower value
ID:GB-LAE-ESX,East Sussex County Council,158,93718400.37,50-199 awards,£10M-<£100M,High activity / Lower value
ID:GB-SRS-sid4gov.cabinetoffice.gov.uk/FDEK7nf7,"NHS SOUTH, CENTRAL AND WEST COMMISSIONING SUPPORT UNIT",128,89319992.14,50-199 awards,£10M-<£100M,High activity / Lower value
ID:GB-SRS-sid4gov.cabinetoffice.gov.uk/Z37KdXES,SUFFOLK COUNTY COUNCIL,82,84334233.67999999,50-199 awards,£10M-<£100M,High activity / Lower value
ID:GB-SRS-sid4gov.cabinetoffice.gov.uk/8s944V4W,North Yorkshire Council,93,82200563.75,50-199 awards,£10M-<£100M,High activity / Lower value
ID:GB-CFS-308284,National Highways,116,81837926.29,50-199 awards,£10M-<£100M,High activity / Lower value
ID:GB-CFS-131948,Derbyshire County Council,131,79862795.8,50-199 awards,£10M-<£100M,High activity / Lower value
ID:GB-SRS-sid4gov.cabinetoffice.gov.uk/BpB93Ch9,South Tyneside Council,65,79801682.11,50-199 awards,£10M-<£100M,High activity / Lower value
ID:GB-CFS-49206,Nottingham City Council,211,78082959.8901,200+ awards,£10M-<£100M,High activity / Lower value
ID:GB-SRS-sid4gov.cabinetoffice.gov.uk/zbKz776r,Lancashire Constabulary,110,77598466.75,50-199 awards,£10M-<£100M,High activity / Lower value
ID:GB-CFS-51066,Nottingham City Council,73,75716044.239,50-199 awards,£10M-<£100M,High activity / Lower value
ID:GB-LAE-HIL,London Borough of Hillingdon,77,75255181.23,50-199 awards,£10M-<£100M,High activity / Lower value
ID:GB-SRS-sid4gov.cabinetoffice.gov.uk/V3SG8j4A,THIRTEEN HOUSING GROUP LIMITED,85,73500641.4,50-199 awards,£10M-<£100M,High activity / Lower value
ID:GB-CFS-16,Sandwell Metropolitan Borough Council,51,73395393.72,50-199 awards,£10M-<£100M,High activity / Lower value
ID:GB-SRS-supplierregistration.cabinetoffice.gov.uk/Ghxe296B,West Northamptonshire Council,154,70235973.78999999,50-199 awards,£10M-<£100M,High activity / Lower value
ID:GB-SRS-supplierregistration.cabinetoffice.gov.uk/PFcF5f84,The Insolvency Service,54,69432097.22,50-199 awards,£10M-<£100M,High activity / Lower value
ID:GB-CFS-154927,Suffolk County Council Passenger Transport,906,67781109.9,200+ awards,£10M-<£100M,High activity / Lower value
ID:GB-CFS-188959,City of Bradford Metropolitan District Council,91,67549791.8,50-199 awards,£10M-<£100M,High activity / Lower value
ID:GB-LAE-BIR,BIRMINGHAM CITY COUNCIL,213,64254128.72,200+ awards,£10M-<£100M,High activity / Lower value
ID:GB-SRS-supplierregistration.cabinetoffice.gov.uk/6gKE6MZH,SOUTHERN HOUSING,62,62205114.21,50-199 awards,£10M-<£100M,High activity / Lower value
ID:GB-CFS-58010,Leicestershire County Council,240,61177182.13,200+ awards,£10M-<£100M,High activity / Lower value
ID:GB-SRS-sid4gov.cabinetoffice.gov.uk/3UB3r29F,DUDLEY MBC,92,59854967.26,50-199 awards,£10M-<£100M,High activity / Lower value
ID:GB-SRS-sid4gov.cabinetoffice.gov.uk/NDfF5Gvb,Government Legal Department,91,59324711.94,50-199 awards,£10M-<£100M,High activity / Lower value
ID:GB-SRS-sid4gov.cabinetoffice.gov.uk/axN79Bfk,West Yorkshire Combined Authority,60,59272615.05,50-199 awards,£10M-<£100M,High activity / Lower value
ID:GB-GOR-EA71,The National Archives,69,57863694.37,50-199 awards,£10M-<£100M,High activity / Lower value
ID:GB-CFS-254798,UK Health Security Agency,91,57672068.41,50-199 awards,£10M-<£100M,High activity / Lower value
ID:GB-LAE-DAL,Darlington Borough Council,225,57506152.3,200+ awards,£10M-<£100M,High activity / Lower value
ID:GB-SRS-sid4gov.cabinetoffice.gov.uk/rZMs3g9n,NORTHERN HOUSING CONSORTIUM LIMITED,212,56551263.21,200+ awards,£10M-<£100M,High activity / Lower value
ID:GB-CFS-255544,UK Health Security Agency,89,56382322.57,50-199 awards,£10M-<£100M,High activity / Lower value
ID:GB-SRS-sid4gov.cabinetoffice.gov.uk/urSt89dk,South Yorkshire Police Headquarters,50,55898714.99,50-199 awards,£10M-<£100M,High activity / Lower value
ID:GB-CFS-51197,Lincolnshire County Council,64,54510411.36,50-199 awards,£10M-<£100M,High activity / Lower value
ID:GB-CFS-68462,Nottinghamshire County Council,60,53555475.43,50-199 awards,£10M-<£100M,High activity / Lower value
ID:GB-SRS-sid4gov.cabinetoffice.gov.uk/2JAv6sFy,Staffordshire County Council,104,53394187.8,50-199 awards,£10M-<£100M,High activity / Lower value
ID:GB-SRS-supplierregistration.cabinetoffice.gov.uk/bf3h7Y7s,NATIONAL WEALTH FUND LIMITED,93,52874824.38,50-199 awards,£10M-<£100M,High activity / Lower value
ID:GB-CFS-290904,Westminster City Council,62,51548487.63,50-199 awards,£10M-<£100M,High activity / Lower value
ID:GB-CFS-170514,Greater Manchester Combined Authority,76,48852628.0,50-199 awards,£10M-<£100M,High activity / Lower value
ID:GB-SRS-sid4gov.cabinetoffice.gov.uk/d74ZA5zA,UNIVERSITY OF SOUTHAMPTON,66,47180927.9,50-199 awards,£10M-<£100M,High activity / Lower value
ID:GB-SRS-sid4gov.cabinetoffice.gov.uk/nb7K3Nvb,University of Portsmouth,52,45011662.82,50-199 awards,£10M-<£100M,High activity / Lower value
ID:GB-CFS-50894,Wolverhampton City Council,92,44111486.89,50-199 awards,£10M-<£100M,High activity / Lower value
ID:GB-CFS-249000,Westmorland and Furness Council,86,43874448.97,50-199 awards,£10M-<£100M,High activity / Lower value
ID:GB-CFS-216017,Norfolk and Norwich University Hospitals NHS Foundation Trust,104,43776191.59,50-199 awards,£10M-<£100M,High activity / Lower value
ID:GB-CFS-306109,Buckinghamshire Council - e-Tendering System,495,43169008.61,200+ awards,£10M-<£100M,High activity / Lower value
ID:GB-SRS-sid4gov.cabinetoffice.gov.uk/Pesn8463,"Department for Culture, Media and Sport",74,42926762.84,50-199 awards,£10M-<£100M,High activity / Lower value
ID:GB-SRS-sid4gov.cabinetoffice.gov.uk/9zBK4N6s,COVENTRY CITY COUNCIL,107,42699596.41,50-199 awards,£10M-<£100M,High activity / Lower value
ID:GB-SRS-sid4gov.cabinetoffice.gov.uk/AnUx84x7,Coventry University,76,42245134.6,50-199 awards,£10M-<£100M,High activity / Lower value
ID:GB-SRS-sid4gov.cabinetoffice.gov.uk/sWfz42zD,West Midlands Combined Authority,99,42226902.62,50-199 awards,£10M-<£100M,High activity / Lower value
ID:GB-SRS-sid4gov.cabinetoffice.gov.uk/pH2E93Mx,British Transport Police,73,40877465.88,50-199 awards,£10M-<£100M,High activity / Lower value
ID:GB-CFS-126345,Partners Procurement Service (PPS),129,39397434.22,50-199 awards,£10M-<£100M,High activity / Lower value
ID:GB-CFS-163473,DfTc - Department for Transport,52,38771008.68,50-199 awards,£10M-<£100M,High activity / Lower value
ID:GB-CFS-292260,Cheshire Constabulary,53,38113540.52,50-199 awards,£10M-<£100M,High activity / Lower value
ID:GB-SRS-supplierregistration.cabinetoffice.gov.uk/djMX46dB,Tees Valley Combined Authority,50,37950429.66,50-199 awards,£10M-<£100M,High activity / Lower value
ID:GB-GOR-D240,O F W A T,58,37214236.79,50-199 awards,£10M-<£100M,High activity / Lower value
ID:GB-SRS-sid4gov.cabinetoffice.gov.uk/By5B2FN2,Northumberland County Council,59,36473289.14,50-199 awards,£10M-<£100M,High activity / Lower value
ID:GB-SRS-sid4gov.cabinetoffice.gov.uk/5JM9tyCn,Nottingham City Council,54,35974978.43,50-199 awards,£10M-<£100M,High activity / Lower value
ID:GB-SRS-sid4gov.cabinetoffice.gov.uk/BxeD58qn,FCDO Services,321,35823363.65,200+ awards,£10M-<£100M,High activity / Lower value
ID:GB-CFS-140061,Peterborough City Council,102,34311455.05,50-199 awards,£10M-<£100M,High activity / Lower value
ID:GB-SRS-sid4gov.cabinetoffice.gov.uk/sBN45ywB,National Audit Office,120,33436595.94,50-199 awards,£10M-<£100M,High activity / Lower value
ID:GB-LAE-NTY,NORTH TYNESIDE COUNCIL,97,31552395.94,50-199 awards,£10M-<£100M,High activity / Lower value
ID:GB-CFS-168564,Homes England (the name adopted by the Homes and Communities Agency),128,31018372.86,50-199 awards,£10M-<£100M,High activity / Lower value
ID:GB-GOR-EA46,Met Office,164,30930106.31,50-199 awards,£10M-<£100M,High activity / Lower value
ID:GB-GOR-D241,UK EXPORT FINANCE,56,30666676.05,50-199 awards,£10M-<£100M,High activity / Lower value
ID:GB-SRS-sid4gov.cabinetoffice.gov.uk/RTZp9527,Cambridgeshire County Council,63,27941532.1,50-199 awards,£10M-<£100M,High activity / Lower value
ID:GB-CFS-138001,Gloucestershire County Council,109,27301354.6,50-199 awards,£10M-<£100M,High activity / Lower value
ID:GB-GOR-EA42,Defence Science and Technology Laboratory,99,26694795.66,50-199 awards,£10M-<£100M,High activity / Lower value
ID:GB-CFS-244021,West Sussex County Council,89,24969355.89,50-199 awards,£10M-<£100M,High activity / Lower value
ID:GB-GOR-D7,DEPARTMENT FOR ENVIRONMENT FOOD & RURAL AFFAIRS,70,24662041.4,50-199 awards,£10M-<£100M,High activity / Lower value
ID:GB-CFS-279337,"Police, Fire & Crime Commissioner for Staffordshire",73,21836601.75,50-199 awards,£10M-<£100M,High activity / Lower value
ID:GB-SRS-sid4gov.cabinetoffice.gov.uk/XhPB26DC,SOMERSET COUNCIL,69,21073749.72,50-199 awards,£10M-<£100M,High activity / Lower value
ID:GB-CFS-186378,North Lincolnshire Council,172,20492846.38,50-199 awards,£10M-<£100M,High activity / Lower value
ID:GB-SRS-sid4gov.cabinetoffice.gov.uk/2gx98Qm7,THE POLICE AND CRIME COMMISSIONER FOR LINCOLNSHIRE,71,20434001.73,50-199 awards,£10M-<£100M,High activity / Lower value
ID:GB-CFS-116151,Tameside Metropolitan Borough Council,67,20082977.89,50-199 awards,£10M-<£100M,High activity / Lower value
ID:GB-SRS-supplierregistration.cabinetoffice.gov.uk/QEQn82G8,POLICE DIGITAL SERVICE,52,19661863.88,50-199 awards,£10M-<£100M,High activity / Lower value
ID:GB-SRS-sid4gov.cabinetoffice.gov.uk/hRK774t6,UNIVERSITY OF DERBY,52,18842813.0,50-199 awards,£10M-<£100M,High activity / Lower value
ID:GB-CFS-153693,Redditch Borough Council,58,18587946.8,50-199 awards,£10M-<£100M,High activity / Lower value
ID:GB-CFS-50123,Darlington Borough Council,58,18384399.69,50-199 awards,£10M-<£100M,High activity / Lower value
ID:GB-CFS-278887,Bradford Teaching Hospitals NHS Foundation Trust,107,16804134.38,50-199 awards,£10M-<£100M,High activity / Lower value
ID:GB-CFS-271915,University Hospitals Birmingham NHS Foundation Trust,50,13841872.75,50-199 awards,£10M-<£100M,High activity / Lower value
ID:GB-SRS-sid4gov.cabinetoffice.gov.uk/vkU269eN,University Of The West Of England,136,13745594.71,50-199 awards,£10M-<£100M,High activity / Lower value
ID:GB-SRS-sid4gov.cabinetoffice.gov.uk/Zj5uFppq,UK RESEARCH & INNOVATION,1007,13605263.34,200+ awards,£10M-<£100M,High activity / Lower value
ID:GB-SRS-supplierregistration.cabinetoffice.gov.uk/ysmd84Me,WEST MIDLANDS COMBINED AUTHORITY,54,12591317.23,50-199 awards,£10M-<£100M,High activity / Lower value
ID:GB-LAE-IPS,Ipswich Borough Council,83,12493421.74,50-199 awards,£10M-<£100M,High activity / Lower value
ID:GB-SRS-supplierregistration.cabinetoffice.gov.uk/D8JBmaGh,Partners Procurement Service,62,12196668.6,50-199 awards,£10M-<£100M,High activity / Lower value
ID:GB-CFS-254227,Leicester City Council,340,11496859.18,200+ awards,£10M-<£100M,High activity / Lower value
ID:GB-SRS-sid4gov.cabinetoffice.gov.uk/FrqU3KsZ,Middlesbrough Council,55,10929117.67,50-199 awards,£10M-<£100M,High activity / Lower value
ID:GB-CFS-170575,Homes England (the name adopted by the Homes and Communities Agency),75,10821183.66,50-199 awards,£10M-<£100M,High activity / Lower value
ID:GB-CFS-218150,Leicester City Council,318,10559527.38,200+ awards,£10M-<£100M,High activity / Lower value
ID:GB-CFS-217073,Leicester City Council,252,10207775.31,200+ awards,£10M-<£100M,High activity / Lower value
ID:GB-SRS-sid4gov.cabinetoffice.gov.uk/PFEA6gBq,HULL UNIVERSITY TEACHING HOSPITALS NHS TRUST,58,9919705.47,50-199 awards,£1M-<£10M,High activity / Lower value
ID:GB-CFS-52395,Leicester City Council,62,9398580.0,50-199 awards,£1M-<£10M,High activity / Lower value
ID:GB-SRS-sid4gov.cabinetoffice.gov.uk/nAGk82Ar,Warwickshire Police,60,9015160.78,50-199 awards,£1M-<£10M,High activity / Lower value
ID:GB-CFS-229255,Leeds Teaching Hospitals NHS Trust,72,8535198.82,50-199 awards,£1M-<£10M,High activity / Lower value
ID:GB-CFS-105317,Durham County Council,53,8299705.95,50-199 awards,£1M-<£10M,High activity / Lower value
ID:GB-SRS-sid4gov.cabinetoffice.gov.uk/SCYu64qt,UNIVERSITY OF EAST ANGLIA,67,8185315.4,50-199 awards,£1M-<£10M,High activity / Lower value
ID:GB-SRS-sid4gov.cabinetoffice.gov.uk/BjDD3hUA,East Hampshire District Council,71,8045439.02,50-199 awards,£1M-<£10M,High activity / Lower value
ID:GB-CFS-180415,London Ambulance Service NHS Trust,64,7448685.24,50-199 awards,£1M-<£10M,High activity / Lower value
ID:GB-SRS-sid4gov.cabinetoffice.gov.uk/jBZs3Y7f,West Midlands Fire Service,59,6346168.63,50-199 awards,£1M-<£10M,High activity / Lower value
ID:GB-CFS-289425,Leicester City Council,122,5822603.6,50-199 awards,£1M-<£10M,High activity / Lower value
ID:GB-CFS-254220,Leicester City Council,131,5504911.0,50-199 awards,£1M-<£10M,High activity / Lower value
ID:GB-CFS-294787,MCA - Maritime and Coastguard Agency,52,5395036.14,50-199 awards,£1M-<£10M,High activity / Lower value
ID:GB-CFS-187017,Historic England,55,5389711.52,50-199 awards,£1M-<£10M,High activity / Lower value
ID:GB-CFS-257790,Leicester City Council,155,5076568.07,50-199 awards,£1M-<£10M,High activity / Lower value
ID:GB-CFS-84936,Wokingham Borough Council,106,2980004.0,50-199 awards,£1M-<£10M,High activity / Lower value
ID:GB-CFS-289516,Leicester City Council,73,2895941.1,50-199 awards,£1M-<£10M,High activity / Lower value
ID:GB-SRS-sid4gov.cabinetoffice.gov.uk/hWvd872d,Natural England,85,1965973.37,50-199 awards,£1M-<£10M,High activity / Lower value
ID:GB-CFS-168339,London Borough of Enfield,50,458219.76,50-199 awards,£100K-<£1M,High activity / Lower value
ID:GB-CFS-244822,Communities and Housing Investment Consortium Limited,133,0.0,50-199 awards,<£100K,High activity / Lower value
